id,plu,category,commodity,variety,size,botanical,aka
1,3000,Fruits,APPLES,Alkmene,All Sizes,Malus domestica,
2,3001,Fruits,APPLES,Aurora/Southern Rose,Small,Malus domestica,
3,3002,Fruits,APPLES,Cantared,All Sizes,Malus domestica,
4,3003,Fruits,APPLES,D'Estivale,All Sizes,Malus domestica,
5,3004,Fruits,APPLES,Discovery,All Sizes,Malus domestica,
6,3005,Fruits,APPLES,Golden Delicious Blush,All Sizes,Malus domestica,
7,3006,Fruits,APPLES,Ingrid Marie,All Sizes,Malus domestica,
8,3007,Fruits,APPLES,Lochbuie,All Sizes,Malus domestica,
9,3008,Fruits,APPLES,Rubinette,All Sizes,Malus domestica,
10,3009,Fruits,APPLES,Russet,All Sizes,Malus domestica,
11,3010,Fruits,APPLES,Cripps Red,Small,Malus domestica,"JOYA, Sundowner"
12,3011,Fruits,APPLES,Worcester,All Sizes,Malus domestica,
13,3012,Fruits,PEARS,Abate Fetel,All Sizes,Pyrus spp.,
14,3013,Fruits,PEARS,Beurre Hardy,All Sizes,Pyrus spp.,
15,3014,Fruits,PEARS,Bon Rouge,All Sizes,Pyrus spp.,
16,3015,Fruits,PEARS,Clara Friis,All Sizes,Pyrus spp.,
17,3016,Fruits,PEARS,Concorde,All Sizes,Pyrus spp.,
18,3017,Fruits,PEARS,Conference,All Sizes,Pyrus spp.,
19,3018,Fruits,PEARS,Durondeau,All Sizes,Pyrus spp.,
20,3019,Fruits,PEARS,Flamingo,All Sizes,Pyrus spp.,
21,3020,Fruits,PEARS,General Leclerc,All Sizes,Pyrus spp.,
22,3021,Fruits,PEARS,Guyot,All Sizes,Pyrus spp.,
23,3022,Fruits,PEARS,Josephine,All Sizes,Pyrus spp.,
24,3023,Fruits,PEARS,Passe Crassane,Small,Pyrus spp.,
25,3024,Fruits,PEARS,Rocha,All Sizes,Pyrus spp.,
26,3025,Fruits,PEARS,Rosemarie,All Sizes,Pyrus spp.,
27,3026,Fruits,PEARS,Triumph de Vienne,All Sizes,Pyrus spp.,
28,3027,Fruits,ORANGES,Shamouti,All Sizes,Citrus spp.,
29,3028,Fruits,ORANGES,Delta Seedless,Small,Citrus spp.,
30,3029,Fruits,TANGERINES/MANDARINS,Satsuma,All Sizes,Citrus unshiu,
31,3030,Fruits,TANGERINES/MANDARINS,"Nova (includes Clemenvilla, Suntina)",All Sizes,Citrus spp.,
32,3031,Fruits,TANGERINES/MANDARINS,"Jamaican Tangor (includes Ortanique, Mandor, Mandora, Tambor, Topaz, Ortanline)",All Sizes,Citrus spp.,
33,3032,Fruits,TANGERINES/MANDARINS,Ellendale,All Sizes,Citrus spp.,
34,3033,Fruits,MELON,Charentais,Small,Cucumis melo,
35,3034,Fruits,MELON,Charentais,Large,Cucumis melo,
36,3035,Fruits,NECTARINE,"White Flesh, Tree Ripened, Ready-to-eat",Large,Prunus persica,
37,3036,Fruits,ORANGES,Midknight,Small,Citrus spp.,
38,3037,Fruits,PINEAPPLE,Queen,All Sizes,Ananas comosus,
39,3038,Fruits,PASSION FRUIT,"Granadilla, Orange",All Sizes,Passiflorae.var. flavicarpa,
40,3039,Fruits,PHYSALIS/CAPE GOOSEBERRY/GROUND CHERRY,,All Sizes,Physalis spp.,
41,3040,Fruits,PITAHAYA,Red (skin color),All Sizes,Hylocereus lindatus,
42,3041,Fruits,RAMBUTAN,,All Sizes,Nephelium lappaceum,
43,3042,Fruits,MANGOSTEEN,,All Sizes,Garcinia mangostana,
44,3043,Fruits,GRAPES,"Italia, Seeded",All Sizes,Vitis vinifera,
45,3044,Fruits,APRICOTS,Black Velvet,All Sizes,Prunus armeniaca,
46,3045,Fruits,DATES,"Fresh, On Branch",All Sizes,Phoenix dactylifera,
47,3046,Fruits,DATES,"Fresh, Frozen",All Sizes,Phoenix dactylifera,
48,3047,Fruits,DATES,Medjool,All Sizes,Phoenix dactylifera,
49,3048,Vegetables,BEANS,Helda/Flat,All Sizes,Phaseolus vulgaris,
50,3049,Vegetables,BEANS,Fine,All Sizes,Phaseolus vulgaris,
51,3050,Vegetables,CABBAGE,Dutch White/Winter White,All Sizes,Brassica oleracea,
52,3051,Vegetables,CABBAGE,Spring Cabbage/Spring Greens,All Sizes,Brassica oleracea,
53,3052,Vegetables,GARLIC,String,All Sizes,Allium sativum,
54,3053,Vegetables,PARSNIP,Baby,All Sizes,Pastinaca sativa,
55,3054,Vegetables,PEPPERS (CAPSICUMS),Elongated (Clovis Red/Lamuyo Red),All Sizes,Capsicum spp.,
56,3055,Vegetables,PEPPERS (CAPSICUMS),Elongated (Clovis Green/Lamuyo Green),All Sizes,Capsicum spp.,
57,3056,Vegetables,PEPPERS (CAPSICUMS),Elongated (Clovis Yellow/Lamuyo Yellow),All Sizes,Capsicum spp.,
58,3057,Vegetables,PEPPERS (CAPSICUMS),Elongated (Clovis Orange/Lamuyo Orange),All Sizes,Capsicum spp.,
59,3058,Vegetables,PEPPERS (CAPSICUMS),Elongated (Clovis White/Lamuyo White),All Sizes,Capsicum spp.,
60,3059,Vegetables,SQUASH,Crown Prince,All Sizes,C.maxima,
61,3060,Vegetables,SQUASH,Vegetable Marrow,All Sizes,C.pepo,
62,3061,Vegetables,TOMATOES,Beef/Beefsteak,All Sizes,Lycopersicon esculenta,
63,3062,Herbs,BAY LEAVES,,All Sizes,Laurus nobilis,
64,3063,Herbs,FENNEL LEAVES,,All Sizes,Foeniculum vulgare,
65,3064,Herbs,ALOE VERA LEAVES,,All Sizes,Aloe Vera,
66,3065,Fruits,APPLES,Cameo,Small,Malus domestica,
67,3066,Fruits,APPLES,Cameo,Large,Malus domestica,
68,3067,Fruits,APPLES,Swiss Gourmet,Small,Malus domestica,
69,3068,Fruits,APPLES,Swiss Gourmet,Large,Malus domestica,
70,3069,Fruits,APPLES,"Gravenstein, Red",Small,Malus domestica,
71,3070,Fruits,APPLES,"Gravenstein, Red",Large,Malus domestica,
72,3071,Fruits,APPLES,"Granny Smith, Red",All Sizes,Malus domestica,
73,3072,Fruits,APPLES,Lady,All Sizes,Malus domestica,
74,3073,Fruits,APPLES,Macoun,All Sizes,Malus domestica,
75,3074,Fruits,APPLES,Greening (RI),All Sizes,Malus domestica,
76,3075,Fruits,APPLES,Baldwin,All Sizes,Malus domestica,
77,3076,Fruits,APPLES,Melrose,All Sizes,Malus domestica,
78,3077,Fruits,APPLES,Northern Spy,All Sizes,Malus domestica,
79,3078,Fruits,APPLES,Liberty,All Sizes,Malus domestica,
80,3079,Vegetables,ASPARAGUS,Purple,All Sizes,Asparagus officinalis,
81,3080,Fruits,AVOCADOS,Pinkerton,All Sizes,Persea americana,
82,3081,Fruits,BERRIES,Saskatoon,All Sizes,Amelanchier alnifolia,
83,3082,Vegetables,BROCCOLI,Crowns,All Sizes,Brassica oleracea,
84,3083,Vegetables,BRUSSELS SPROUTS,Stalk,All Sizes,Brassica olerace,
85,3084,Herbs,CHERVIL,,All Sizes,Anthriscus cerefolium,
86,3085,Vegetables,CORN,"Indian, Decorative",Large,Zea mays,
87,3086,Vegetables,CORN,Indian. Decorative,Mini,Zea mays,
88,3087,Vegetables,CORN,"Indian, Strawberry",All Sizes,Zea mays,
89,3088,Fruits,CURRANTS,Red,All Sizes,Ribes sativum,
90,3089,Vegetables,EGGPLANT (AUBERGINE),Chinese,All Sizes,Solanum melongena,
91,3090,Vegetables,EGGPLANT (AUBERGINE),Thai,All Sizes,Solanum melongena,
92,3091,Vegetables,GOBO ROOT/BURDOCK,,All Sizes,Arctium lappa,
93,3092,Fruits,GRAPEFRUIT,OroBlanco/Sweetie,All Sizes,Citrus paradisi,
96,3095,Vegetables,KALE,Multicolor,All Sizes,Brassica oleracea,
97,3096,Vegetables,KOHLRABI,Purple/Red/All Other Colors,All Sizes,Brassica oleracea,
98,3097,Vegetables,LETTUCE,"Romaine, Red",All Sizes,Lactuca sativa,
99,3098,Vegetables,LETTUCE,"Boston, Red",All Sizes,Lactuca sativa,
100,3099,Vegetables,LOTUS ROOT,,All Sizes,Nelumbo nucifera,
101,3100,Fruits,MELON,Gold Honeydew,All Sizes,Cucumis melo,
102,3101,Fruits,MELON,Piel de Sapo,All Sizes,Cucumis melo,
103,3102,Vegetables,MUSHROOMS,Morel,All Sizes,Morchella angusticeps,
104,3103,Vegetables,MUSHROOMS,Enoki,All Sizes,Flammulina velutipe,
105,3104,Fruits,APPLES,RoHo 3615,All Sizes,Malus domestica,Evelina
106,3105,Nuts,CASHEWS,,All Sizes,Anacardium occidental,
107,3106,Nuts,MACADAMIA,,All Sizes,Macadamia integrifolia,
108,3107,Fruits,ORANGES,Navel,Medium,Citrus spp.,
109,3108,Fruits,ORANGES,Valencia,Medium,Citrus spp.,
110,3109,Fruits,ORANGES,Seville (Marmalade type),All Sizes,Citrus spp.,
111,3110,Fruits,ORANGES,"Navel, Cara Cara (Red)",All Sizes,Citrus spp.,
112,3111,Fruits,PAPAYA/PAWPAW,Red-Fleshed (Solo Sunrise),All Sizes,Carica papaya,
113,3112,Fruits,PAPAYA/PAWPAW,Meridol,All Sizes,Carica papaya,
114,3113,Fruits,PEACHES,Flat White Flesh (Saturn type),All Sizes,Prunus persica,
115,3114,Fruits,MANGO,Green,Extra Large,Magnifera Indica,Keitt and Francis varieties
116,3115,Fruits,PEACHES,Flat Yellow Flesh,All Sizes,Prunus persica,
117,3116,Fruits,PEACHES,Yellow Flesh (Tree Ripened/Ready-to-eat),Small,Prunus persica,
118,3117,Fruits,PEACHES,Yellow Flesh (Tree Ripened/Ready-to-eat),Large,Prunus persica,
119,3118,Fruits,PEARS,Starkrimson,All Sizes,Pyrus spp.,
120,3119,Vegetables,PEPPERS (CAPSICUMS),"Bell, Greenhouse - Green",Small,Capsicum spp.,
121,3120,Vegetables,PEPPERS (CAPSICUMS),"Bell, Greenhouse - Green",Large,Capsicum spp.,
122,3121,Vegetables,PEPPERS (CAPSICUMS),"Bell, Greenhouse - Orange",All Sizes,Capsicum spp.,
123,3122,Vegetables,PEPPERS (CAPSICUMS),"Bell, Greenhouse - White",All Sizes,Capsicum spp.,
124,3123,Vegetables,PEPPERS (CAPSICUMS),"Bell, Greenhouse - Brown",All Sizes,Capsicum spp.,
125,3124,Vegetables,PEPPERS (CAPSICUMS),"Bell, Greenhouse - Purple",All Sizes,Capsicum spp.,
126,3125,Vegetables,PEPPERS (CAPSICUMS),Habanero,All Sizes,Capsicum spp.,
128,3127,Fruits,POMEGRANATE,,Medium,Punica granatum,
129,3129,Fruits,GRAPEFRUIT,Pummelo - Red,All Sizes,C.grandis,
130,3130,Vegetables,PUMPKIN,Jumbo,All Sizes,Cucurbita pepo,
131,3131,Vegetables,PUMPKIN,Decorative (Painted),All Sizes,Cucurbita pepo,
132,3132,Vegetables,PUMPKIN,White,All Sizes,Cucurbita pepo,
133,3133,Vegetables,PUMPKIN,White - Mini,All Sizes,Cucurbita pepo,
134,3134,Vegetables,PUMPKIN,Pie Pumpkin,All Sizes,Cucurbita pepo,
135,3135,Vegetables,GOURD,Ornamental,All Sizes,Trichosarthes cucumerina,
136,3136,Fruits,SAPODILLO/NISPERO,,All Sizes,Manilkara zapote,
137,3137,Fruits,SAPOTE,White,All Sizes,Casimiroa edulis,
138,3138,Fruits,SAPOTE,Black,All Sizes,Diospyros digyna,
139,3139,Herbs,SAVORY,,All Sizes,Satureja spp.,
140,3140,Vegetables,SQUASH,Cucuzza,All Sizes,C.pepo,
141,3141,Vegetables,SQUASH,Opo,All Sizes,Langenaria siceraria,
142,3142,Vegetables,SQUASH,Carnival,All Sizes,C.pepo,
143,3143,Vegetables,SQUASH,Acorn - baby,All Sizes,C.pepo,
144,3144,Fruits,TANGERINES/MANDARINS,Fall Glo,All Sizes,Citrus spp.,
145,3145,Vegetables,TOMATOES,Plum/Italian/Saladette/Roma (Yellow),All Sizes,Lycopersicon esculenta,
146,3146,Vegetables,TOMATOES,"Cherry - Red, On the Vine",All Sizes,Lycopersicon esculenta,
147,3147,Vegetables,TOMATOES,"Cherry - Yellow, On the Vine",All Sizes,Lycopersicon esculenta,
148,3148,Vegetables,TOMATOES,"Regular - Yelllow, On the Vine (Truss)",All Sizes,Lycopersicon esculenta,
149,3149,Vegetables,TOMATOES,"Regular - Orange, On the Vine",All Sizes,Lycopersicon esculenta,
150,3150,Vegetables,TOMATOES,Cocktail/Intermediate - Red,All Sizes,Lycopersicon esculenta,
151,3151,Vegetables,TOMATOES,"Vine Ripe, Regular - Red",Large,Lycopersicon esculenta,
152,3152,Fruits,GRAPEFRUIT,Melogold,All Sizes,C.grandis,
153,3153,Fruits,ORANGES,Delta Seedless,Medium,Citrus spp.,
154,3154,Fruits,ORANGES,Delta Seedless,Large,Citrus spp.,
155,3155,Fruits,ORANGES,Midknight,Medium,Citrus spp.,
156,3156,Fruits,ORANGES,Midknight,Large,Citrus spp.,
157,3157,Fruits,GRAPEFRUIT,White,Extra Large,Citrus paradisi,
158,3158,Fruits,GRAPEFRUIT,White,Extra Large,Citrus paradisi,
159,3159,Fruits,GRAPEFRUIT,White,Extra Large,Citrus paradisi,
160,3160,Vegetables,GAI LAN,Synonymous with Chinese Broccoli,All Sizes,Brassica oleracea,
161,3161,Vegetables,GAI (GUI) CHOY (CHINESE or INDIAN MUSTARD),Baby - Chinese or Indian Mustard,All Sizes,Brassica juncea,
162,3162,Vegetables,ONG CHOY,Synonymous with Water Spinach,All Sizes,Ipomoea aquatica,
163,3163,Vegetables,BOK CHOY (PAK CHOI),Shanghai,All Sizes,Brassica rapa,
164,3164,Vegetables,YU CHOY,,All Sizes,Brassica rapa,
165,3165,Vegetables,RADICCHIO,Treviso,All Sizes,Cichorium intybus,
166,3166,Vegetables,CABBAGE,Tuscan,All Sizes,Brassica oleracea,Lacinato Kale
167,3167,Vegetables,FRISEE,,All Sizes,Cichorium endivia,
168,3168,Vegetables,RADICCHIO,Castlefranco,All Sizes,Cichorium intybus,
169,3169,Vegetables,LETTUCE,Catalogna,All Sizes,Lactuca sativa,
271,3271,Fruits,APPLES,Virginia Gold,All Sizes,Malus domestica,
272,3272,Fruits,APPLES,Sommerfeld,All Sizes,Malus domestica,
273,3273,Vegetables,BEETS,Golden,All Sizes,Beta vulgaris,
274,3274,Fruits,PRUNES,Fresh,All Sizes,Prunus domestica,
275,3275,Vegetables,NAME,Yellow (nyAH-may),All Sizes,Dioscorea trifidia,
276,3276,Vegetables,NAME,White (nyAH-may),All Sizes,Dioscorea trifidia,
277,3277,Vegetables,BROCCOLI,Baby,All Sizes,Brassica oleracea,
278,3278,Fruits,PLUMCOT (INTERSPECIFIC PLUM),,All Sizes,Prunus spp.,Pluot®
279,3279,Fruits,KIWIFRUIT,Golden,All Sizes,A.chinensis,
280,3280,Fruits,KIWIFRUIT,Regular,Jumbo,Actinidia deliciosa,
281,3281,Fruits,MELON,"Watermelon - Orange, Seedless",All Sizes,Citrullus lanatus,
282,3282,Vegetables,TOMATOES,Plum/Italian/Saladette/Roma on the vine - Red,All Sizes,Lycopersicon esculenta,
283,3283,Fruits,APPLES,Honeycrisp,Large,Malus domestica,
284,3284,Fruits,APPLES,Red Delicious,Extra Large,Malus domestica,
285,3285,Fruits,APPLES,Golden Delicious,Extra Large,Malus domestica,
286,3286,Vegetables,ONIONS,Sweet red Italian - flat,All Sizes,Allium spp.,
287,3287,Fruits,BANANAS,Hawaiian plantain,All Sizes,Musa spp.,
289,3289,Fruits,MELON,Sprite,All Sizes,Cucumis melo,
290,3290,Fruits,APPLES,Aurora/Southern Rose,Large,Malus domestica,
291,3291,Fruits,APPLES,Boskoop/Belle de Boskoop,Small,Malus domestica,
292,3292,Fruits,APPLES,Boskoop/Belle de Boskoop,Large,Malus domestica,
293,3293,Fruits,APPLES,Scifresh,Small,Malus domestica,Jazz
294,3294,Fruits,APPLES,Scifresh,Large,Malus domestica,Jazz
295,3295,Fruits,APPLES,Sciearly,Small,Malus domestica,Pacific Beauty
296,3296,Fruits,APPLES,Sciearly,Large,Malus domestica,Pacific Beauty
297,3297,Fruits,APPLES,Scired,All Sizes,Malus domestica,Pacific Queen
298,3298,Fruits,APPLES,Redfield,All Sizes,Malus domestica,Mahana Red
299,3299,Fruits,APPLES,Sonya,Small,Malus domestica,
300,3300,Fruits,APPLES,Sonya,Large,Malus domestica,
301,3301,Fruits,APPLES,Cripps Red,Large,Malus domestica,"JOYA, Sundowner"
302,3302,Fruits,APRICOTS,Regular,Large,Prunus armeniaca,
303,3303,Fruits,BABACO,,All Sizes,,
304,3304,Fruits,BERRIES,Loganberries,All Sizes,Rubus loganobaccus,
305,3305,Fruits,CURRANTS,Black,All Sizes,Ribes nigrum,
306,3306,Fruits,MELON,Charentais,Medium,Cucumis melo,
307,3307,Fruits,MELON,Charentais,Extra Large,Cucumis melo,
308,3308,Fruits,MELON,"Watermelon - Orange, Seedless",All Sizes,Citrullus lanatus,
309,3309,Fruits,ORANGES,Lima,All Sizes,Citrus spp.,
310,3310,Fruits,ORANGES,Pera,All Sizes,Citrus spp.,
311,3311,Fruits,PASSION FRUIT,Curuba/Banana,All Sizes,Passiflora mollissima,
312,3312,Fruits,PASSION FRUIT,Granadilla - Yellow/Maracuja,All Sizes,Passiflorae.var. flavicarpa,
313,3313,Fruits,PEACHES,White Flesh - Tree Ripened/ Ready-to-eat,Small,Prunus persica,
314,3314,Fruits,PEACHES,White Flesh - Tree Ripened/ Ready-to-eat,Large,Prunus persica,
315,3315,Fruits,APPLES,Scilate,Small,Malus domestica,ENVY
316,3316,Fruits,PEARS,Carmen,All Sizes,Pyrus spp.,
317,3317,Fruits,PEARS,Angelys,All Sizes,Pyrus spp.,
318,3318,Fruits,PEARS,Passe Crassane,Large,Pyrus spp.,
319,3319,Fruits,PITAHAYA,Yellow (skin color),All Sizes,Hylocereus lindatus,
320,3320,Vegetables,CAULIFLOWER,Romanesco/Broccoflower/Caulibroc,All Sizes,Brassica oleracea,
321,3321,Vegetables,CELERY ROOT/CELERIAC,With leaves attached,All Sizes,Apium graveolens,
322,3322,Vegetables,CHOY SUM/PAK CHOI SUM,,All Sizes,Brassica rapa,
323,3323,Vegetables,CHOY SUM/PAK CHOI SUM,Baby,All Sizes,Brassica rapa,
324,3324,Vegetables,ESCAROLE/BATAVIAN CHICORY,Red,All Sizes,Cichorium endivia,
325,3325,Vegetables,LETTUCE,Lollo Bionda/Coral - Green,All Sizes,Lactuca sativa,
326,3326,Vegetables,LETTUCE,Lollo Rossa/Coral - Red,All Sizes,Lactuca sativa,
327,3327,Vegetables,LETTUCE,Mignonette (Compact red-tinged butterhead varieties),All Sizes,Lactuca sativa,
328,3328,Vegetables,LETTUCE,"Mixed small-leaf salad (eg Sucrine, Mesclun, Rocket/Arugula)",All Sizes,Lactuca sativa,
329,3329,Vegetables,LETTUCE,Oak Leaf - Green,All Sizes,Lactuca sativa,
330,3330,Vegetables,LETTUCE,Oak Leaf - Reg,All Sizes,Lactuca sativa,
331,3331,Vegetables,ONIONS,Red Fresh - Bunch,All Sizes,Allium spp.,
332,3332,Vegetables,SPINACH,Baby,All Sizes,Spinach oleracea,
333,3333,Vegetables,SWEET POTATO/YAM/KUMARA,Red/Orangy White Flesh,Small,Ipomoea batato,
334,3334,Vegetables,SWEET POTATO/YAM/KUMARA,Red/Orangy White Flesh,Large,Ipomoea batato,
335,3335,Vegetables,TOMATOES,Cocktail/Intermediate - Red/On the Vine (Truss),All Sizes,Lycopersicon esculenta,
336,3336,Vegetables,TOMATOES,Cocktail/Intermediate - Red/Plum/Italian/Saladette/Roma/On the Vine (Truss),All Sizes,Lycopersicon esculenta,
337,3337,Dried Fruits,FIGS,(Dried Fruit),All Sizes,Ficus carica,
338,3338,Herbs,ANISE,,All Sizes,,
339,3339,Fruits,APPLES,Belchard - Chantecler,All Sizes,Malus domestica,
340,3340,Fruits,APPLES,Bertanne/Golden Russet,All Sizes,Malus domestica,
341,3341,Fruits,APPLES,Charles Ross,All Sizes,Malus domestica,
342,3342,Fruits,APPLES,Delblush,All Sizes,Malus domestica,Tentation
343,3343,Fruits,APPLES,Dessert,All Sizes,Malus domestica,
344,3344,Fruits,APPLES,Gloster,Small,Malus domestica,
345,3345,Fruits,APPLES,Gloster,Large,Malus domestica,
346,3346,Fruits,APPLES,Holstein,All Sizes,Malus domestica,
347,3347,Fruits,APPLES,Laxtons Fortune,All Sizes,Malus domestica,
348,3348,Fruits,APPLES,Lord Lambourne,All Sizes,Malus domestica,
349,3349,Fruits,APPLES,Michaelmas Red,All Sizes,Malus domestica,
350,3350,Fruits,APPLES,Reine des Reinettes/King of the Pippins,Small,Malus domestica,
351,3351,Fruits,APPLES,Reine des Reinettes/King of the Pippins,Large,Malus domestica,
352,3352,Fruits,APPLES,"Reinettes and Heritage varieties - (incl Canada blanc Reinette du Mans, Armorique/du Vigan/Calville",All Sizes,Malus domestica,
353,3353,Fruits,APPLES,St Edmunds Pippin,All Sizes,Malus domestica,
354,3354,Fruits,AVOCADOS,Ripe/Ready-to-Eat,All Sizes,Persea americana,
355,3355,Fruits,BERRIES,Strawberries - Nominal 500g/1 litre,All Sizes,Fragaria ananassa,
356,3356,Fruits,BERRIES,Strawberries - Nominal250g/1/2 litre,All Sizes,Fragaria ananassa,
357,3357,Fruits,CHERRIES,Regular/Red/Black,Small,Prunus avium,
358,3358,Fruits,CHERRIES,Regular/Red/Black,Large,Prunus avium,
359,3359,Fruits,GRAPES,Chasselas,All Sizes,Vitis vinifera,
360,3360,Fruits,GRAPES,Muscat de Hambourg,All Sizes,Vitis vinifera,
361,3361,Fruits,GRAPEFRUIT,Without p/harvest treatment,All Sizes,Citrus paradisi,
362,3362,Fruits,LEMONS,Without postharvest treatment,All Sizes,Citrus limon,
363,3363,Fruits,MANGO,Kensington Pride,All Sizes,Mangifera indica,Bowen
364,3364,Fruits,MANGO,R2E2,All Sizes,Mangifera indica,
365,3365,Fruits,MANGO,Ripe/Ready-to-Eat,All Sizes,Mangifera indica,
366,3366,Fruits,MADROÑA,,All Sizes,Arbutus unedo,
367,3367,Fruits,MELON,Glasshouse - Netted varieties,All Sizes,Cucumis melo,
368,3368,Fruits,MELON,Ogen,All Sizes,Cucumis melo,
369,3369,Fruits,NECTARINE,Nectavigne (Red Flesh),All Sizes,Prunus persica,
370,3370,Fruits,ORANGES,Maltaise,All Sizes,Citrus spp.,
371,3371,Fruits,ORANGES,Salustiana,All Sizes,Citrus spp.,
372,3372,Fruits,ORANGES,Navelate (and other late Navel varieties),All Sizes,Citrus spp.,
373,3373,Fruits,ORANGES,Navelina (incl. Newhall),All Sizes,Citrus spp.,
374,3374,Fruits,ORANGES,Without postharvest treatment,All Sizes,Citrus spp.,
375,3375,Fruits,PEACHES,de Vigne & Sanguine (Red Flesh),All Sizes,Prunus persica,
376,3376,Fruits,PEARS,Alexander Lucas,All Sizes,Pyrus spp.,
377,3377,Fruits,PEARS,Louise Bonne,All Sizes,Pyrus spp.,
378,3378,Fruits,PEARS,Santa Maria,All Sizes,Pyrus spp.,
379,3379,Fruits,PINEAPPLE,Mini,All Sizes,Ananas comosus,
380,3380,Fruits,PINEAPPLE,Perola,All Sizes,Ananas comosus,
381,3381,Fruits,SOURSOP,,All Sizes,Annona muricata,
382,3382,Fruits,SUGAR APPLE,,All Sizes,Annona squamosa,
383,3383,Fruits,TANGERINES/MANDARINS,Clementine,Small,Citrus reticulata,
384,3384,Fruits,TANGERINES/MANDARINS,Clementine,Medium,Citrus reticulata,
385,3385,Fruits,TANGERINES/MANDARINS,Clementine,Large,Citrus reticulata,
386,3386,Fruits,TANGERINES/MANDARINS,Clementine (With leaves attached),All Sizes,Citrus reticulata,
387,3387,Fruits,TANGERINES/MANDARINS,Clementine (Without p/harvest treatment),All Sizes,Citrus reticulata,
388,3388,Fruits,TANGERINES/MANDARINS,Satsuma -Clauselina,All Sizes,Citrus unshiu,
389,3389,Fruits,TANGERINES/MANDARINS,Satsuma,All Sizes,Citrus unshiu,
390,3390,Vegetables,ARRACACH,,All Sizes,Arracacia xanthorrhiza,
391,3391,Vegetables,ARTICHOKES,Rouge Salambo (Red),All Sizes,Cynara scolymus,
392,3392,Vegetables,ASPARAGUS,Green - Bunch,All Sizes,Asparagus officinalis,
393,3393,Vegetables,ASPARAGUS,White - Bunch,All Sizes,Asparagus officinalis,
394,3394,Vegetables,ASPARAGUS,Purple - Bunch,All Sizes,Asparagus officinalis,
395,3395,Vegetables,BELGIAN ENDIVE (WITLOOF CHICORY),Red,All Sizes,Cichorium intybus,
396,3396,Vegetables,CABBAGE,"Savoy, Red",All Sizes,Brassica oleracea,
397,3397,Vegetables,CABBAGE,Summer Cabbage - Pointed type,All Sizes,Brassica oleracea,
398,3398,Vegetables,CHICKPEAS,Chickpeas/Garbanzo,All Sizes,Cicer arientinum,
399,3399,Vegetables,GARLIC,Regular - Fresh/Semi-dried with leaves attached,All Sizes,Allium sativum,
400,3400,Vegetables,GARLIC,Regular - Smoked,All Sizes,Allium sativum,
401,3401,Vegetables,GARLIC,One-clove types,All Sizes,Allium sativum,
402,3402,Vegetables,LEEKS,Regular - Bunch,All Sizes,Allium ampeloprasum,
403,3403,Vegetables,LEEKS,Baby - Bunch,All Sizes,Allium ampeloprasum,
404,3404,Vegetables,MUSHROOMS,Cep,All Sizes,Bolelus edulis,
405,3405,Vegetables,MUSHROOMS,Fairy Ring Champignon,All Sizes,Marasmius oreades,
406,3406,Vegetables,MUSHROOMS,Grey - Tricholoma,All Sizes,Tricholoma terreum,
407,3407,Vegetables,MUSHROOMS,Grisette,All Sizes,Amanita vaginata,
408,3408,Vegetables,MUSHROOMS,Horn of Plenty/Black Trumpet,All Sizes,Agaricus bisporus,
409,3409,Vegetables,MUSHROOMS,Pioppino,All Sizes,Agaricus bisporus,
410,3410,Vegetables,MUSHROOMS,Saffron Milk-Cap,All Sizes,Lactarius deliciosus,
411,3411,Vegetables,MUSHROOMS,Sheep Polypore,All Sizes,Albatrellus ovinus (tbc),
412,3412,Vegetables,ONIONS,Yellow/Brown Fresh - Bunch,All Sizes,Allium spp.,
413,3413,Vegetables,PEPPERS (CAPSICUMS),Tabasco,All Sizes,Capsicum spp,
414,3414,Vegetables,POTATO,Baking - White,All Sizes,Solanum tuberosum,
415,3415,Vegetables,POTATO,Baking - Red and Red Eye varieties,All Sizes,Solanum tuberosum,
416,3416,Vegetables,RHUBARB,Bunch,All Sizes,Rheum x rhabarbarum,
417,3417,Vegetables,SPINACH,New Zealand Spinach,All Sizes,Tetragonia tetragonioides,
418,3418,Vegetables,SQUASH,Zucchini/Courgette - Round,All Sizes,C.pepo,
419,3419,Herbs,BORAGE,,All Sizes,Borago officinalis,
420,3420,Fruits,PEARS,Belle du Jumet,All Sizes,Pyrus spp.,Honey Belle
421,3421,Fruits,MELON,Watermelon - Mini Seedless,3-7 LBS,Citrullus lanatus,
422,3422,Fruits,APRICOTS,InterSpecific,All Sizes,Prunus armeniaca,
423,3423,Vegetables,TOMATOES,Heirloom ,All Sizes,Lycopersicon esculenta,"Varieties include but are not limited to: Amish Salad, Anna Russian, Aunt Ruby's Yellow Cherry, Big Italian Plum, Black Plum, Black Prince, Black Zebra, Brandywine, Dr. Caroline, Earl of Edgecomb, Eva Purple Ball, Flamme, Green Zebra, Hawaiian Pineapple"
424,3424,Vegetables,CARROTS,Purple/Red - Beta Sweet,All Sizes,Daucus carota,
425,3425,Fruits,TANGERINES/MANDARINS,Ellendale,Small,Citrus spp.,
426,3426,Fruits,TANGERINES/MANDARINS,Ellendale,Medium,Citrus spp.,
427,3427,Fruits,TANGERINES/MANDARINS,Ellendale,Large,Citrus spp.,
428,3428,Fruits,TANGERINES/MANDARINS,Honey/Murcott,Small,Citrus spp.,
429,3429,Fruits,TANGERINES/MANDARINS,Honey/Murcott,Medium,Citrus spp.,
430,3430,Fruits,TANGERINES/MANDARINS,Honey/Murcott,Large,Citrus spp.,
431,3431,Fruits,TANGERINES/MANDARINS,Imperial,Small,Citrus spp.,
432,3432,Fruits,TANGERINES/MANDARINS,Imperial,Medium,Citrus spp.,
433,3433,Fruits,TANGERINES/MANDARINS,Imperial,Large,Citrus spp.,
434,3434,Fruits,PEARS,Tosca,All Sizes,Pyrus spp.,
435,3435,Fruits,APPLES,Pinova,All Sizes,Malus domestica,
436,3436,Vegetables,CAULIFLOWER,Orange,All Sizes,Brassica oleracea,
437,3437,Fruits,NECTARINE,Flat Yellow,All Sizes,Prunus persica,
438,3438,Fruits,APPLES,Ambrosia,All other sizes,Malus domestica,
439,3439,Fruits,NECTARINE,White Flesh Flat,All Sizes,Prunus persica,
440,3440,Fruits,POMEGRANATE,,Large,Punica granatum,
441,3441,Vegetables,SQUASH,Butterkin,All Sizes,Cucurbita moshata,
442,3442,Fruits,APPLES,New York 1,All Sizes,Malus domestica,SnapDragon
443,3443,Fruits,APPLES,New York 2,All Sizes,Malus domestica,RubyFrost
444,3444,Fruits,APPLES,Green Dragon,All Sizes,Malus domestica,Chin Loung
445,3445,Fruits,APPLES,DS 3,All Sizes,Malus domestica,Pazazz
446,3446,Vegetables,KALE SPROUTS,,All Sizes,Brassica Oleracea,
447,3447,Fruits,APPLES,DS 22,All Sizes,Malus domestica,Riverbelle
448,3448,Fruits,CHERRIES,Tip Top,All Sizes,Prunus avium,Skylar Rae
449,3449,Fruits,GRAPES,Sugrathirteen,All Sizes,Vitis Vinifera I.,MIDNIGHT BEAUTY® brand
450,3450,Fruits,GRAPES,Sugranineteen,All Sizes,Vitis Vinifera I.,SCARLOTTA SEEDLESS® brand
451,3451,Fruits,GRAPES,Sugrathirtyfour,All Sizes,Vitis Vinifera,ADORA SEEDLESS® brand
452,3452,Fruits,GRAPES,Sugrathirtyfive,All Sizes,Vitis Vinifera,AUTUMNCRISP® brand
453,3453,Vegetables,GALANGAL ROOT,,All Sizes,Alpinia officinarum,
454,3454,Fruits,JACKFRUIT,Green,All Sizes,Artocarpus heterophylus,
455,3455,Fruits,JACKFRUIT,Yellow,All Sizes,Artocarpus heterophylus,
456,3456,Fruits,MELON,Winter,All Sizes,Cucumis melo,
457,3457,Fruits,PLUMS,President,All Sizes,Prunus spp.,
458,3458,Vegetables,TOMATOES,Cherry - Orange,All Sizes,Lycopersicon esculenta,
459,3600,Fruits,APPLES,Antares,All Sizes,Malus domestica,
460,3601,Fruits,APPLES,Huaguan,All Sizes,Malus domestica,Autumn Glory
461,3602,Fruits,APPLES,Belgica,All Sizes,Malus domestica,
462,3603,Fruits,APPLES,Minneiska,All Sizes,Malus domestica,
463,3604,Fruits,APPLES,Emmons,All Sizes,Malus domestica,
464,3605,Fruits,APPLES,Nicoter,All Sizes,Malus domestica,
465,3606,Fruits,PEARS,Sweet Sensation,All Sizes,Pyrus spp.,
466,3607,Fruits,APPLES,Mariri Red,All Sizes,Malus domestica,
467,3608,Fruits,APPLES,Sciros,Large,Malus domestica,Pacific Rose
468,3609,Fruits,PLUMCOT (INTERSPECIFIC PLUM),Red,All Sizes,Prunus spp.,
469,3610,Fruits,PLUMCOT (INTERSPECIFIC PLUM),Green,All Sizes,Prunus spp.,
470,3611,Fruits,PLUMCOT (INTERSPECIFIC PLUM),Black,All Sizes,Prunus spp.,
471,3612,Fruits,APPLES,Nicogreen,All Sizes,Malus domestica,
472,3613,Fruits,APPLES,Fuji Brak,All Sizes,Malus domestica,
473,3614,Fruits,APRICOTS,Red,All Sizes,Prunus armeniaca,
474,3615,Fruits,APPLES,Civni,All Sizes,Malus domestica,
475,3616,Fruits,APPLES,Scilate,Large,Malus domestica,ENVY
476,3617,Fruits,LEMONS,Seedless,All Sizes,,
477,3618,Fruits,APPLES,Opal,All Sizes,Malus domestica,
478,3619,Fruits,APPLES,Milwa,All Sizes,Malus domestica,
479,3620,Fruits,APPLES,Plumac,All Sizes,Malus domestica,
480,3621,Fruits,MANGO,Francis,All Sizes,Mangifera Indica,"Madame Francis, Francine"
481,3622,Fruits,MELON,Honey Green,All Sizes,Cucumis melo,Papaya Melon
482,3623,Fruits,MELON,Hami,All Sizes,Cucumis melo,Chinese Hami or Snow Melon
483,3624,Fruits,MELON,Korean,All Sizes,Cucumis melo,
484,3625,Fruits,APPLES,Minnewashta,All Sizes,Malus domestica,Zestar
485,3626,Fruits,LEMONS,Meyer,All Sizes,Citrus limon,
486,3627,Fruits,APPLES,PremA17,Large,Malus domestica,
487,3628,Fruits,APPLES,PremA280,All Sizes,Malus domestica,
488,3629,Fruits,APPLES,CIVG198,All Sizes,Malus domestica,
489,3630,Fruits,APPLES,Co-op 43,All Sizes,Malus domestica,
490,3631,Vegetables,PUMPKIN,Pink,All Sizes,Eucurbita maxima,Porcelain Doll Pumpkin
491,3632,Fruits,TANGERINES/MANDARINS,Dekopon,All Sizes,Citrus reticulata siranui,Shiranui/Hallabong/Sumo Citrus® 
492,4011,Fruits,BANANAS,Yellow (includes Cavendish),All Sizes,Musa spp.,
493,4012,Fruits,ORANGES,Navel,Large,Citrus spp.,
494,4013,Fruits,ORANGES,Navel,Small,Citrus spp.,
495,4014,Fruits,ORANGES,Valencia,Small,Citrus spp.,
496,4014,Fruits,ORANGES,Valencia,Small,Citrus spp.,
497,4015,Fruits,APPLES,Red Delicious,Small,Malus domestica,
498,4016,Fruits,APPLES,Red Delicious,Large,Malus domestica,
499,4017,Fruits,APPLES,Granny Smith,Large,Malus domestica,
500,4018,Fruits,APPLES,Granny Smith,Large,Malus domestica,
501,4019,Fruits,APPLES,McIntosh,Large,Malus domestica,
502,4020,Fruits,APPLES,Golden Delicious,Large,Malus domestica,
503,4021,Fruits,APPLES,Golden Delicious,Small,Malus domestica,
504,4022,Fruits,GRAPES,White/Green Seedless - Peerlette Seedless/Thompson Seedless,All Sizes,Vitis vinifera,
505,4023,Fruits,GRAPES,Red Seedless - Flame/Ruby/Emperatriz,All Sizes,Vitis vinifera,
506,4024,Fruits,PEARS,Bartlett/Williams/WBC,Small,Pyrus spp.,
507,4025,Fruits,PEARS,Anjou,Small,Pyrus spp.,
508,4026,Fruits,PEARS,Bosc/Beurre Bosc,Small,Pyrus spp.,
509,4027,Fruits,GRAPEFRUIT,"Ruby/Red/Pink (includes Ray Ruby, Ruby, Ruby Red)",Small,Citrus paradisi,
510,4028,Fruits,BERRIES,Strawberries,Pint,Fragaria ananassa,
511,4029,Fruits,PINEAPPLE,,Small,Ananas comosus,
512,4030,Fruits,KIWIFRUIT,Regular,All Sizes,Actinidia deliciosa,
513,4031,Fruits,MELON,Watermelon - Red   ,All Sizes,Citrullus lanatus,
514,4032,Fruits,MELON,"Watermelon - Red, Seedless",All Sizes,Citrullus lanatus,
515,4033,Fruits,LEMONS,,Small,Citrus limon,
516,4034,Fruits,MELON,Honeydew/White Honeydew,Large,Cucumis melo,
517,4035,Fruits,NECTARINE,Yellow Flesh,Small,Prunus persica,
518,4036,Fruits,NECTARINE,Yellow Flesh,Large,Prunus persica,
519,4037,Fruits,PEACHES,Yellow Flesh,Small,Prunus persica,
520,4038,Fruits,PEACHES,Yellow Flesh,Large,Prunus persica,
521,4039,Fruits,PLUMS,"Black (Includes Ambra, Black Beaut, Prima Black, Blackamber, Black Torch, Catalina, Challenger, Black Diamond, Friar, Royal Diamond, Black Knight, Freedom, Black Flame, Howard Sun, Angeleno)",Small,Prunus spp.,
522,4040,Fruits,PLUMS,"Black (Includes Ambra, Black Beaut, Prima Black, Blackamber, Black Torch, Catalina, Challenger, Black Diamond, Friar, Royal Diamond, Black Knight, Freedom, Black Flame, Howard Sun, Angeleno)",Large,Prunus spp.,
523,4041,Fruits,PLUMS,"Red (Includes Santa Rosa, Late Santa Rosa, Red Beaut, Rich Red, Spring Beaut, First Beaut, Royal Red, Red Jewel, Rose Zee, Royal Zee, Ace, Aleta Rose, Burgandy, July Santa Rosa, Frontier, Fortune, Grand Rosa, Red Lane, Red Rosa, Casselman, Autumn Rosa, Mi",Small,Prunus spp.,
524,4042,Fruits,PLUMS,"Red (Includes Santa Rosa, Late Santa Rosa, Red Beaut, Rich Red, Spring Beaut, First Beaut, Royal Red, Red Jewel, Rose Zee, Royal Zee, Ace, Aleta Rose, Burgandy, July Santa Rosa, Frontier, Fortune, Grand Rosa, Red Lane, Red Rosa, Casselman, Autumn Rosa, Mi",Large,Prunus spp.,
525,4043,Fruits,PEACHES,Yellow Flesh - Tree Ripened/Ready-to-eat,Small,Prunus persica,
526,4044,Fruits,PEACHES,Yellow Flesh - Tree Ripened/Ready-to-eat,Large,Prunus persica,
527,4045,Fruits,CHERRIES,Regular/Red/Black,All Sizes,Prunus avium,
528,4046,Fruits,AVOCADOS,Hass,Small,Persea americana,
529,4047,Fruits,GRAPEFRUIT,"Ruby/Red/Pink (Includes Ray Ruby, Ruby, Ruby Red)",Small,Citrus paradisi,
530,4048,Fruits,LIMES,"Regular (incl. Persian, Tahiti & Bearss)",All Sizes,Citrus latifolia,
531,4049,Fruits,MELON,Cantaloupe/Rockmelon,Small,Cucumis melo,
532,4050,Fruits,MELON,Cantaloupe/Rockmelon,Large,Cucumis melo,
533,4051,Fruits,MANGO,"Red (Includes Tommy Atkins, Kent, Palmer, Vandyke, Edward,Hayden)",Small,Mangifera indica,
534,4052,Fruits,PAPAYA/PAWPAW,Regular,Small,Carica papaya,
535,4053,Fruits,LEMONS,,Large,Citrus limon,
536,4054,Fruits,BERRIES,Raspberries - Red,All Sizes,Rubus idaeus,
537,4055,Fruits,TANGERINES/MANDARINS,,All Sizes,Citrus spp.,
538,4056,Fruits,GRAPES,Blue/Black Seedless (All other varieties not listed [including Beauty and Autumn Royal]),All Sizes,Vitis vinifera,
539,4057,Fruits,APPLES,Haralson,Small,Malus domestica,
540,4058,Fruits,APPLES,Haralson,Large,Malus domestica,
541,4060,Vegetables,BROCCOLI,,All Sizes,Brassica oleracea,
542,4061,Vegetables,LETTUCE,Iceberg,All Sizes,Lactuca sativa,
543,4062,Vegetables,CUCUMBER,Green/Ridge/Short,All Sizes,Cucumis sativus,
544,4063,Vegetables,TOMATOES,Regular - Red,Small,Lycopersicon esculenta,
545,4064,Vegetables,TOMATOES,Regular - Red,Large,Lycopersicon esculenta,
546,4065,Vegetables,PEPPERS (CAPSICUMS),"Bell, Field Grown - Green",Large,Capsicum spp,
547,4066,Vegetables,BEANS,Green/French,All Sizes,Phaseolus vulgaris,
548,4067,Vegetables,SQUASH,Zucchini/Courgette,All Sizes,C.pepo,
549,4068,Vegetables,ONIONS,Green (Scallions)/Spring,All Sizes,Allium spp.,
550,4069,Vegetables,CABBAGE,Green,All Sizes,Brassica oleracea,
551,4070,Vegetables,CELERY,Bunch,Small,,
552,4071,Vegetables,CELERY,Bunch,Small,,
553,4072,Vegetables,POTATO,Russet,All Sizes,Solanum tuberosum,
554,4073,Vegetables,POTATO,Red,All Sizes,Solanum tuberosum,
555,4074,Vegetables,SWEET POTATO/YAM/KUMARA,Red/Orangy Red Flesh,Small,Ipomoea batato,
556,4075,Vegetables,LETTUCE,Red Leaf,All Sizes,Lactuca sativa,
557,4076,Vegetables,LETTUCE,Green Leaf,All Sizes,Lactuca sativa,
558,4077,Vegetables,CORN,"Sweet Corn, White",All Sizes,Zea mays,
559,4078,Vegetables,CORN,"Sweet Corn, Yellow",All Sizes,Zea mays,
560,4079,Vegetables,CAULIFLOWER,,Small,Brassica oleracea,
561,4080,Vegetables,ASPARAGUS,Green,Small,Asparagus officinalis,
562,4081,Vegetables,EGGPLANT (AUBERGINE),Regular,All Sizes,Solanum melongena,
563,4082,Vegetables,ONIONS,Red,All Sizes,Allium spp.,
564,4083,Vegetables,POTATO,White,All Sizes,Solanum tuberosum,
565,4084,Vegetables,ARTICHOKES,,Large,Cynara scolymus,
566,4085,Vegetables,MUSHROOMS,Regular,Large,Agaricus bisporus,
567,4086,Vegetables,SQUASH,Yellow Zucchini/Gold Bar/Yellow Courgette,All Sizes,C. pepo/C. maxima,
568,4087,Vegetables,TOMATOES,Plum/Italian/Saladette/Roma - Red,All Sizes,Lycopersicon esculenta,
569,4088,Vegetables,PEPPERS (CAPSICUMS),"Bell, Field Grown - Red",All Sizes,Capsicum spp,
570,4089,Vegetables,RADISH,Bunched Red,All Sizes,Raphanus sativus,
571,4090,Vegetables,SPINACH,Regular/Bunched,All Sizes,,
572,4091,Vegetables,SWEET POTATO/YAM/KUMARA,White,All Sizes,Ipomoea batato,
573,4092,Vegetables,PEAS,Chinese Snow Pea/Pea Pod/Mange Tout,All Sizes,Pisum sativum,
574,4093,Vegetables,ONIONS,Yellow/Brown,Large,Allium spp.,
575,4094,Vegetables,CARROTS,Bunch,All Sizes,Daucus carota,
576,4095,Vegetables,TURNIP,Yellow,All Sizes,Brassica rapa,
577,4096,Fruits,APPLES,Ginger Gold,Large,Malus domestica,
578,4097,Fruits,APPLES,Ginger Gold,Small,Malus domestica,
579,4098,Fruits,APPLES,Akane,Small,Malus domestica,
580,4099,Fruits,APPLES,Akane,Large,Malus domestica,
581,4100,Fruits,APPLES,Fireside,Small,Malus domestica,
582,4101,Fruits,APPLES,Braeburn,Small,Malus domestica,
583,4102,Fruits,APPLES,Fireside,Large,Malus domestica,
584,4103,Fruits,APPLES,Braeburn,Large,Malus domestica,
585,4104,Fruits,APPLES,Cortland,Small,Malus domestica,
586,4105,Fruits,APPLES,Cox Orange Pippin,All Sizes,Malus domestica,
587,4106,Fruits,APPLES,Cortland,Large,Malus domestica,
588,4107,Fruits,APPLES,Crab,All Sizes,Malus domestica,
589,4108,Fruits,APPLES,Crispin/Mutsu,Small,Malus domestica,
590,4109,Fruits,APPLES,Crispin/Mutsu,Small,Malus domestica,
591,4110,Fruits,APPLES,Crispin/Mutsu,Large,Malus domestica,
592,4111,Fruits,APPLES,Crispin/Mutsu,Large,Malus domestica,
593,4112,Fruits,APPLES,Regent,Small,Malus domestica,
594,4113,Fruits,APPLES,Criterion,Small,Malus domestica,
595,4114,Fruits,APPLES,Regent,Large,Malus domestica,
596,4115,Fruits,APPLES,Criterion,Large,Malus domestica,
597,4116,Fruits,APPLES,Early,Small,Malus domestica,
598,4117,Fruits,APPLES,Early,Small,Malus domestica,
599,4118,Fruits,APPLES,Early,Large,Malus domestica,
600,4119,Fruits,APPLES,Early,Large,Malus domestica,
601,4120,Fruits,APPLES,Fiesta,All Sizes,Malus domestica,
602,4121,Fruits,APPLES,Elstar,Small,Malus domestica,
603,4122,Fruits,APPLES,Sciros,Small,Malus domestica,Pacific Rose
604,4123,Fruits,APPLES,Elstar,Large,Malus domestica,
605,4124,Fruits,APPLES,Empire,Small,Malus domestica,
606,4125,Fruits,APPLES,Empire,Small,Malus domestica,
607,4126,Fruits,APPLES,Empire,Large,Malus domestica,
608,4127,Fruits,APPLES,Empire,Large,Malus domestica,
609,4128,Fruits,APPLES,Cripps Pink,Small,Malus domestica,Pink Lady
610,4129,Fruits,APPLES,Fuji,Small,Malus domestica,
611,4130,Fruits,APPLES,Cripps Pink,Large,Malus domestica,Pink Lady
612,4131,Fruits,APPLES,Fuji,Large,Malus domestica,
613,4132,Fruits,APPLES,Gala,Small,Malus domestica,
614,4133,Fruits,APPLES,Gala,Small,Malus domestica,
615,4134,Fruits,APPLES,Gala,Large,Malus domestica,
616,4135,Fruits,APPLES,Gala,Large,Malus domestica,
617,4136,Fruits,APPLES,Golden Delicious,Small,Malus domestica,
618,4137,Fruits,APPLES,Golden Delicious,Large,Malus domestica,
619,4138,Fruits,APPLES,Granny Smith,Small,Malus domestica,
620,4139,Fruits,APPLES,Granny Smith,Small,Malus domestica,
621,4140,Fruits,APPLES,Idared,Small,Malus domestica,
622,4141,Fruits,APPLES,Jonamac,Small,Malus domestica,
623,4142,Fruits,APPLES,Idared,Large,Malus domestica,
624,4143,Fruits,APPLES,Jonamac,Large,Malus domestica,
625,4144,Fruits,APPLES,Jonagold,Small,Malus domestica,
626,4145,Fruits,APPLES,Jonagold,Small,Malus domestica,
627,4146,Fruits,APPLES,Jonagold,Large,Malus domestica,
628,4147,Fruits,APPLES,Jonagold,Large,Malus domestica,
629,4148,Fruits,APPLES,Jonathan,Small,Malus domestica,
630,4149,Fruits,APPLES,Jonathan,Small,Malus domestica,
631,4150,Fruits,APPLES,Jonathan,Large,Malus domestica,
632,4151,Fruits,APPLES,Jonathan,Large,Malus domestica,
633,4152,Fruits,APPLES,McIntosh,Small,Malus domestica,
634,4153,Fruits,APPLES,McIntosh,Small,Malus domestica,
635,4154,Fruits,APPLES,McIntosh,Large,Malus domestica,
636,4155,Fruits,APPLES,Paulared,Small,Malus domestica,
637,4156,Fruits,APPLES,Gravenstein,Small,Malus domestica,
638,4157,Fruits,APPLES,Paulared,Large,Malus domestica,
639,4158,Fruits,APPLES,Gravenstein,Large,Malus domestica,
640,4159,Vegetables,ONIONS,Vidalia,All Sizes,Allium spp.,
641,4160,Fruits,APPLES,Pippin,Small,Malus domestica,
642,4161,Vegetables,ONIONS,Texas Sweet,All Sizes,Allium spp.,
643,4162,Fruits,APPLES,Pippin,Large,Malus domestica,
644,4163,Vegetables,ONIONS,Walla Walla,All Sizes,Allium spp.,
645,4164,Vegetables,ONIONS,Maui,All Sizes,Allium spp.,
646,4165,Vegetables,ONIONS,California Sweet,All Sizes,Allium spp.,
647,4166,Vegetables,ONIONS,Other Sweet,All Sizes,Allium spp.,
648,4167,Fruits,APPLES,Red Delicious,Small,Malus domestica,
649,4168,Fruits,APPLES,Red Delicious,Large,Malus domestica,
650,4169,Fruits,APPLES,Rome,Small,Malus domestica,
651,4170,Fruits,APPLES,Rome,Small,Malus domestica,
652,4171,Fruits,APPLES,Rome,Large,Malus domestica,
653,4172,Fruits,APPLES,Rome,Large,Malus domestica,
654,4173,Fruits,APPLES,Royal Gala,Small,Malus domestica,
655,4174,Fruits,APPLES,Royal Gala,Large,Malus domestica,
656,4176,Fruits,APPLES,Southern Snap,All Sizes,Malus domestica,
657,4177,Fruits,APPLES,Spartan,Small,Malus domestica,
658,4178,Fruits,APPLES,Spartan,Small,Malus domestica,
659,4179,Fruits,APPLES,Spartan,Large,Malus domestica,
660,4180,Fruits,APPLES,Spartan,Large,Malus domestica,
661,4181,Fruits,APPLES,Stayman,Small,Malus domestica,
662,4182,Fruits,APPLES,Sturmer Pippin,All Sizes,Malus domestica,
663,4183,Fruits,APPLES,Stayman,Large,Malus domestica,
664,4185,Fruits,APPLES,York,Small,Malus domestica,
665,4186,Fruits,BANANAS,Yellow (includes Cavendish),Small,Musa spp.,
666,4187,Fruits,APPLES,York,Large,Malus domestica,
667,4188,Fruits,NECTARINE,"White Flesh, Tree Ripened, Ready-to-eat",Small,Prunus persica,
668,4189,Fruits,APPLES,Winesap,Small,Malus domestica,
669,4190,Fruits,APPLES,Winesap,Small,Malus domestica,
670,4191,Fruits,APPLES,Winesap,Large,Malus domestica,
671,4192,Fruits,APPLES,Winesap,Large,Malus domestica,
697,4218,Fruits,APRICOTS,Regular,Small,Prunus armeniaca,
699,4220,Fruits,ATEMOYAS,,All Sizes,Annona spp.,
700,4221,Fruits,AVOCADOS,Green,Small,Persea americana,
701,4222,Fruits,AVOCADOS,Green,Small,Persea americana,
702,4223,Fruits,AVOCADOS,Green,Large,Persea americana,
703,4224,Fruits,AVOCADOS,Green,Large,Persea americana,
704,4225,Fruits,AVOCADOS,Hass,Large,Persea americana,
705,4226,Fruits,AVOCADOS,Cocktail/Seedless,All Sizes,Musa spp.,
708,4229,Fruits,BANANAS,Burro,All Sizes,Musa spp,
709,4230,Fruits,BANANAS,Dominique,All Sizes,Musa spp.,
710,4231,Fruits,BANANAS,Green,All Sizes,Musa spp.,
711,4232,Fruits,BANANAS,Leaves,All Sizes,Musa spp.,
712,4233,Fruits,BANANAS,Apple/Manzano,All Sizes,Musa spp.,
713,4234,Fruits,BANANAS,baby/Nino,All Sizes,Musa spp.,
714,4235,Fruits,BANANAS,Plantain/Macho,All Sizes,Musa ssp,
715,4236,Fruits,BANANAS,Red,All Sizes,Musa spp.,
715,4237,Fruits,BANANAS,Yellow,All Sizes,Musa spp.,
718,4239,Fruits,BERRIES,Blackberries,All Sizes,Rubus fruticosus,
719,4240,Fruits,BERRIES,Blueberries,All Sizes,Vaccinium spp.,
720,4241,Fruits,BERRIES,Boysenberries,All Sizes,Rubus spp.,
721,4242,Fruits,BERRIES,Cranberries,All Sizes,Vaccinium macrocarpon,
722,4243,Fruits,BERRIES,Gooseberries,All Sizes,Ribes uva-crispa,
723,4244,Fruits,BERRIES,Raspberries - Black,All Sizes,R.occidentalis,
724,4245,Fruits,BERRIES,Raspberries - Golden,All Sizes,Rubus idaeus,
725,4246,Fruits,BERRIES,Strawberries,Pint,Fragaria ananassa,
726,4247,Fruits,BERRIES,Strawberries,Quart,Fragaria ananassa,
727,4248,Fruits,BERRIES,Strawberries,Quart,Fragaria ananassa,
728,4249,Fruits,BERRIES,Strawberries,Bulk 3-pack (3 pints),Fragaria ananassa,
729,4250,Fruits,BERRIES,Strawberries,Bulk 3-pack (3 pints),Fragaria ananassa,
730,4251,Fruits,BERRIES,Long-stemmed Strawberries,All Sizes,Fragaria ananassa,
733,4254,Fruits,BREADFRUIT,,All Sizes,Artocarpus altilis,
734,4255,Fruits,CACTUS PEAR (PRICKLY PEAR),,All Sizes,Opuntia spp.,
735,4256,Fruits,CARAMBOLA (STARFRUIT),,All Sizes,Averrhoa carambola,
736,4257,Fruits,CHERIMOYA,,All Sizes,Annona cherimola,
737,4258,Fruits,CHERRIES,Golden/Rainier/White,All Sizes,Prunus avium,
739,4260,Fruits,COCONUTS,In Husk/Waternut,All Sizes,Cocos nucifera,
740,4261,Fruits,COCONUTS,Husked,All Sizes,Cocos nucifera,
742,4263,Fruits,DATES,Fresh - Regular,All Sizes,Phoenix dactylifera,
744,4265,Fruits,FEIJOA,,All Sizes,Acca sellowiana,
745,4266,Fruits,FIGS,Black,All Sizes,Ficus carica,
746,4267,Fruits,FIGS,Brown,All Sizes,Ficus carica,
747,4268,Fruits,FIGS,White/Green,All Sizes,Ficus carica,
749,4270,Fruits,GRAPES,Blue/Black Seeded (Ribier/Exotic/Niabel),All Sizes,Vitis vinifera,
750,4271,Fruits,GRAPES,Champagne,All Sizes,Vitis vinifera,
751,4272,Fruits,GRAPES,Concord,All Sizes,V.labrusca,
752,4273,Fruits,GRAPES,Red Seeded (Cardinal/Emperor/Queen/Christmas Rose),All Sizes,Vitis vinifera,
753,4274,Fruits,GRAPES,White/Green Seeded (All others not listed),All Sizes,Vitis vinifera,
758,4279,Fruits,GRAPEFRUIT,Pummelo - White,All Sizes,C.grandis,
759,4280,Fruits,GRAPEFRUIT,"Ruby/Red/Pink (Includes Ray Ruby, Ray, Ruby Red)",Small,Citrus paradisi,
760,4281,Fruits,GRAPEFRUIT,"Ruby/Red/Pink (ncludes Ray Ruby, Ruby, Ruby Red)",Large,Citrus paradisi,
761,4282,Fruits,GRAPEFRUIT,"Ruby/Red/Pink (Includes Ray Ruby, Ruby, Ruby Red)",Large,Citrus paradisi,
762,4283,Fruits,GRAPEFRUIT,"Ruby/Red/Pink (Includes Ray Ruby, Ray, Ruby Red)",Large,Citrus paradisi,
763,4284,Fruits,GRAPEFRUIT,Deep Red,Small,Citrus paradisi,
764,4285,Fruits,GRAPEFRUIT,Deep Red,Small,Citrus paradisi,
765,4286,Fruits,GRAPEFRUIT,Deep Red,Small,Citrus paradisi,
766,4287,Fruits,GRAPEFRUIT,Deep Red,Large,Citrus paradisi,
767,4288,Fruits,GRAPEFRUIT,Deep Red,Large,Citrus paradisi,
768,4289,Fruits,GRAPEFRUIT,Deep Red,Large,Citrus paradisi,
769,4290,Fruits,GRAPEFRUIT,White,Small,Citrus paradisi,
770,4291,Fruits,GRAPEFRUIT,White,Small,Citrus paradisi,
771,4292,Fruits,GRAPEFRUIT,White,Small,Citrus paradisi,
772,4293,Fruits,GRAPEFRUIT,White,Large,Citrus paradisi,
773,4294,Fruits,GRAPEFRUIT,White,Large,Citrus paradisi,
774,4295,Fruits,GRAPEFRUIT,White,Large,Citrus paradisi,
778,4299,Fruits,GUAVA,,All Sizes,Psidium guajava,
779,4300,Fruits,HOMLI FRUIT,,All Sizes,,
781,4302,Fruits,KIWANO (HORNED MELON),,All Sizes,Cucumis metuliferus,
782,4303,Fruits,KUMQUAT,,All Sizes,Fortunella spp.,
784,4305,Fruits,LIMES,Key (incl. Mexican & West Indian),All Sizes,Citrus aurantifolia,
786,4307,Fruits,LONGAN,,All Sizes,Dimocarpus longan,
787,4308,Fruits,LOQUATS,,All Sizes,Eribotyra japonica,
788,4309,Fruits,LYCHEES,,All Sizes,Litchi chinensis,
789,4310,Fruits,MAMEY,,All Sizes,Pouteria sapota,
790,4311,Fruits,MANGO,Green (Includes Keitt and Francis),Small,Mangifera indica,(Includes Keitt and Francis varieties)
791,4312,Fruits,MANGO,"Yellow (Includes Oro, Ataulfo/Honey Manila)",Small,Mangifera indica,
796,4317,Fruits,MELON,Canary/Yellow Honeydew,All Sizes,Cucumis melo,
797,4318,Fruits,MELON,Cantaloupe/Muskmelon,Small,Cucumis melo,
798,4319,Fruits,MELON,Cantaloupe/Muskmelon,Large,Cucumis melo,
799,4320,Fruits,MELON,Casaba,All Sizes,Cucumis melo,
800,4321,Fruits,MELON,Cinnabar,All Sizes,Cucumis melo,
801,4322,Fruits,MELON,Crenshaw,All Sizes,Cucumis melo,
802,4323,Fruits,BERRIES,Strawberries,Bulk,Fragaria ananassa,
803,4324,Fruits,MELON,French Afternoon,All Sizes,Cucumis melo,
804,4325,Fruits,MELON,French Breakfast,All Sizes,Cucumis melo,
805,4326,Fruits,MELON,Galia,All Sizes,Cucumis melo,
806,4327,Fruits,MELON,Orange Flesh/Cantaline,All Sizes,Cucumis melo,
807,4328,Fruits,LIMEQUATS,,All Sizes,Citrus spp.,
808,4329,Fruits,MELON,Honeydew/White Honeydew,Small,Cucumis melo,
809,4330,Fruits,MELON,Mayan,All Sizes,Cucumis melo,
810,4331,Fruits,MELON,Mickey Lee Watermelon/Sugarbaby,All Sizes,Cucumis melo,
811,4332,Fruits,MELON,Muskmelon,All Sizes,Cucumis melo,
812,4333,Fruits,MELON,Pepino,All Sizes,Cucumis melo,
813,4334,Fruits,MELON,Persian,All Sizes,Cucumis melo,
814,4335,Fruits,MELON,Prince,All Sizes,Cucumis melo,
815,4336,Fruits,MELON,Santa Claus,All Sizes,Cucumis melo,
816,4337,Fruits,MELON,Saticoy,All Sizes,Cucumis melo,
817,4338,Fruits,MELON,Sharlin,All Sizes,Cucumis melo,
818,4339,Fruits,MELON,Spanish/Tendral,All Sizes,Cucumis melo,
819,4340,Fruits,MELON,Watermelon - Yellow,All Sizes,Citrullus lanatus,
820,4341,Fruits,MELON,"Watermelon - Yellow, Seedless",All Sizes,Citrullus lanatus,
856,4377,Fruits,NECTARINE,"Yellow Flesh, Tree Ripened, Ready-to-eat",Small,Prunus persica,
857,4378,Fruits,NECTARINE,"Yellow Flesh, Tree Ripened, Ready-to-eat",Large,Prunus persica,
860,4381,Fruits,ORANGES,Blood,All Sizes,Citrus spp.,
861,4382,Fruits,ORANGES,Juice,All Sizes,Citrus spp.,
862,4383,Fruits,TANGELO,Minneola,All Sizes,Citro paradisi X,
863,4384,Fruits,ORANGES,Navel,Small,Citrus spp.,
864,4385,Fruits,ORANGES,Navel,Large,Citrus spp.,
865,4386,Fruits,ORANGES,Temple,Small,Citrus spp.,
866,4387,Fruits,ORANGES,Temple,Large,Citrus spp.,
867,4388,Fruits,ORANGES,Valencia,Large,Citrus spp.,
868,4388,Fruits,ORANGES,Valencia,Large,Citrus spp.,
874,4394,Fruits,PAPAYA/PAWPAW,Regular,Large,Carica papaya,
875,4395,Fruits,PAPAYA/PAWPAW,Cooking/Mexican,All Sizes,Carica papaya,
877,4397,Fruits,PASSION FRUIT,Purple,All Sizes,Passiflora edulis,
879,4399,Fruits,PEACHES,Indian,All Sizes,Prunus persica,
880,4400,Fruits,PEACHES,White Flesh,Small,Prunus persica,
881,4401,Fruits,PEACHES,White Flesh,Large,Prunus persica,
882,4402,Fruits,PEACHES,Yellow Flesh,Small,Prunus persica,
883,4403,Fruits,PEACHES,Yellow Flesh,Large,Prunus persica,
886,4406,Fruits,PEARS,Asian/Nashi - White,All Sizes,Pyrus pyrifolia,
887,4407,Fruits,PEARS,Asian/Nashi - Yellow,All Sizes,Pyrus pyrifolia,
888,4408,Fruits,PEARS,Asian/Nashi - Brown,All Sizes,Pyrus pyrifolia,
889,4409,Fruits,PEARS,Bartlett/Williams/WBC,Large,Pyrus spp.,
890,4410,Fruits,PEARS,Bartlett - Red/Red Sensation,All Sizes,Pyrus spp.,
891,4411,Fruits,PEARS,Bosc/Beurre Bosc,Small,Pyrus spp.,
892,4412,Fruits,PEARS,Bosc/Beurre Bosc,Large,Pyrus spp.,
893,4413,Fruits,PEARS,Bosc/Beurre Bosc,Large,Pyrus spp.,
894,4414,Fruits,PEARS,Comice/ Doyenne du Comice,All Sizes,Pyrus spp.,
895,4415,Fruits,PEARS,Red,All Sizes,Pyrus spp.,
896,4416,Fruits,PEARS,Anjou,Large,Pyrus spp.,D'Anjou
897,4417,Fruits,PEARS,Anjou - Red,All Sizes,Pyrus spp.,D'Anjou
898,4418,Fruits,PEARS,Forelle/Corella,All Sizes,Pyrus spp.,
899,4419,Fruits,PEARS,French,All Sizes,Pyrus spp.,
900,4420,Fruits,PEARS,King Royal,All Sizes,Pyrus spp.,
901,4421,Fruits,PEARS,Packham/Packhams Triumph,All Sizes,Pyrus spp.,
902,4422,Fruits,PEARS,Seckel,All Sizes,Pyrus spp.,
903,4423,Fruits,PEARS,Tree Ripened,All Sizes,Pyrus spp.,
904,4424,Fruits,PEARS,Winter Nelis/Honey,All Sizes,Pyrus spp.,
907,4427,Fruits,PERSIMMON,Regular (American Persimmon),All Sizes,Diospyros spp.,
908,4428,Fruits,PERSIMMON,Japanese/Sharonfruit (Kaki),All Sizes,Diospyros spp.,
910,4430,Fruits,PINEAPPLE,,Large,Ananas comosus,
911,4431,Fruits,PINEAPPLE,Jet Fresh,Small,Ananas comosus,
912,4432,Fruits,PINEAPPLE,Jet Fresh,Large,Ananas comosus,
914,4434,Fruits,PLUMS,"Green (Includes Dolly, Kelsey, Wickson)",Small,Prunus spp.,
915,4435,Fruits,PLUMS,"Green (Includes Dolly, Kelsey, Wickson)",Large,Prunus spp.,
916,4436,Fruits,PLUMS,Italian Prune/Sugar,All Sizes,Prunus spp.,
917,4437,Fruits,PLUMS,"Purple (Includes Queen Rosa, Laroda, Nublana, Queen Ann, Simka, El Dorado)",Small,Prunus spp.,
918,4438,Fruits,PLUMS,"Purple (Includes Queen Rosa, Laroda, Nublana, Queen Ann, Simka, El Dorado) ",Large,Prunus spp.,
919,4439,Fruits,PLUMS,Tree Ripened,Small,Prunus spp.,
920,4440,Fruits,PLUMS,Tree Ripened,Large,Prunus spp.,
921,4441,Fruits,PLUMS,Yellow (Includes Golden Globe),Small,Prunus spp.,
922,4442,Fruits,PLUMS,Yellow (Includes Golden Globe),Large,Prunus spp.,
925,4445,Fruits,POMEGRANATE,,Small,Punica granatum,
926,4447,Fruits,QUINCE,,All Sizes,Cydonia oblonga,
927,4448,Fruits,TAMARIND,,All Sizes,Tamarindus indica,
928,4449,Fruits,TANGERINES/MANDARINS,Sunburst,All Sizes,Citrus spp.,
929,4450,Fruits,TANGERINES/MANDARINS,Clementine (includes Fortune),All Sizes,Citrus spp.,
930,4451,Fruits,TANGERINES/MANDARINS,Dancy,All Sizes,Citrus reticulata,
931,4452,Fruits,TANGERINES/MANDARINS,Fairchild,All Sizes,Citrus spp. reticulata blanco,
932,4453,Fruits,TANGERINES/MANDARINS,Honey/Murcott,All Sizes,Citrus spp.,
933,4454,Fruits,TANGERINES/MANDARINS,Kinnow,All Sizes,Citrus spp.,
934,4455,Fruits,TANGERINES/MANDARINS,Mandarin/Royal,All Sizes,Citrus spp.,
935,4456,Fruits,TANGELO,,All Sizes,Citro paradisi X,
938,4459,Fruits,TANGELO,Jamaican,All Sizes,Citro paradisi X,Ugli®
949,4470,Fruits,SALAD BAR,,All Sizes,,
970,4491,Fruits,GRAPEFRUIT,"Ruby/Red/Pink (includes Ray Ruby, Ruby, Ruby Red)",Extra Large,Citrus paradisi,
971,4492,Fruits,GRAPEFRUIT,"Ruby/Red/Pink (includes Ray Ruby, Ruby, Ruby Red)",Extra Large,Citrus paradisi,
972,4493,Fruits,GRAPEFRUIT,"Ruby/Red/Pink (Includes Ray Ruby, Ruby, Ruby Red)",Extra Large,Citrus paradisi,
973,4494,Fruits,GRAPEFRUIT,Deep Red,Extra Large,Citrus paradisi,
974,4495,Fruits,GRAPEFRUIT,Deep Red,Extra Large,Citrus paradisi,
975,4496,Fruits,GRAPEFRUIT,Deep Red,Extra Large,Citrus paradisi,
976,4497,Fruits,GRAPES,Sugraone,All Sizes,Vitis vinifera,SUPERIOR SEEDLESS® brand
977,4498,Fruits,GRAPES,White/Green Seedless (All others not listed [including Autumn King]),All Sizes,Vitis vinifera,
978,4499,Fruits,GRAPES,Crimson/Majestic,All Sizes,Vitis vinifera,
993,4514,Vegetables,ALFALFA SPROUTS,,All Sizes,Medicago sativa,
994,4515,Herbs,FENNEL,Florence/Sweet Fennel/Fennel Bulb,All Sizes,Foeniculum vulgare,
995,4516,Vegetables,ARTICHOKES,,Small,Cynara scolymus,
996,4517,Vegetables,ARTICHOKES,Purple,Small,Cynara scolymus,
997,4518,Vegetables,ARTICHOKES,Purple,Large,Cynara scolymus,
998,4519,Vegetables,ARTICHOKES,Baby/Cocktail,All Sizes,Cynara scolymus,
1000,4521,Vegetables,ASPARAGUS,Green,Large,Asparagus officinalis,
1001,4522,Vegetables,ASPARAGUS,White,Small,Asparagus officinalis,
1002,4523,Vegetables,ASPARAGUS,White,Large,Asparagus officinalis,
1003,4524,Vegetables,ASPARAGUS,Tips,All Sizes,Asparagus officinalis,
1006,4527,Vegetables,BEANS,Chinese Long/Snake,All Sizes,Vigna sesquipedalis,
1007,4528,Vegetables,BEANS,Fava/Broad,All Sizes,Vicia faba,
1008,4529,Vegetables,BEANS,Lima,All Sizes,Phaseolus lunatus,
1009,4530,Vegetables,BEANS,Pole/Runner/Stick,All Sizes,Phaseolus coccineus,
1010,4531,Vegetables,BEANS,Purple Hull,All Sizes,Phaseolus spp.,
1011,4532,Vegetables,BEANS,Shell,All Sizes,Phaseolus vulgaris,
1012,4533,Vegetables,BEANS,Wax/Yellow,All Sizes,Phaseolus spp.,
1013,4534,Vegetables,BEANS,Winged,All Sizes,Psophocarpus      tetragonolobus,
1015,4536,Vegetables,BEAN SPROUTS,Mung Bean Sprouts,All Sizes,Vigna radiata,
1016,4537,Vegetables,BEETS,Baby Golden,All Sizes,Beta vulgaris,
1017,4538,Vegetables,BEETS,Baby Red,All Sizes,Beta vulgaris,
1018,4539,Vegetables,BEETS,Bunch,All Sizes,Beta vulgaris,
1019,4540,Vegetables,BEETS,Loose,All Sizes,Beta vulgaris,
1021,4542,Vegetables,BEET GREENS,,All Sizes,Beta vulgaris,
1022,4543,Vegetables,BELGIAN ENDIVE (WITLOOF CHICORY),,All Sizes,Cichorium intybus,
1023,4544,Vegetables,BOK CHOY (PAK CHOI),Small/Baby,All Sizes,Brassica rapa,
1024,4545,Vegetables,BOK CHOY (PAK CHOI),,All Sizes,Brassica rapa,
1025,4546,Vegetables,BONIATO,See also SWEET POTATO,All Sizes,Ipomoea batato,
1026,4547,Vegetables,BROCCOLI,Broccoli Rabe (Italian Rapini)/ Chinese Broccoli (GAI LAN),All Sizes,Brassica oleracea,
1027,4548,Vegetables,BROCCOLI,Florettes,All Sizes,Brassica oleracea,
1029,4550,Vegetables,BRUSSELS SPROUTS,,All Sizes,Brassica olerace,
1031,4552,Vegetables,CABBAGE,Chinese/Napa/Wong Bok,All Sizes,Brassica rapa,
1032,4553,Fruits,PEARS,Taylors Gold,All Sizes,Pyrus spp.,
1033,4554,Vegetables,CABBAGE,Red,All Sizes,Brassica oleracea,
1034,4555,Vegetables,CABBAGE,"Savoy, Green",All Sizes,Brassica oleracea,
1037,4558,Vegetables,CACTUS LEAVES (Nopales/Cactus Pads),,All Sizes,Opuntia spp,
1038,4559,Vegetables,CARDOON (CARDONI),,All Sizes,Cynara cardunculus,
1039,4560,Vegetables,CARROTS,Baby,All Sizes,Daucus carota,
1040,4561,Vegetables,CARROTS,French,All Sizes,Daucus carota,
1041,4562,Vegetables,CARROTS,Loose,All Sizes,Daucus carota,
1042,4563,Vegetables,CARROTS,Carrot Sticks,All Sizes,Daucus carota,
1045,4566,Vegetables,CAULIFLOWER,Florettes,All Sizes,Brassica oleracea,
1046,4567,Vegetables,CAULIFLOWER,Green,All Sizes,Brassica oleracea,
1047,4568,Vegetables,CAULIFLOWER,Purple,All Sizes,Brassica oleracea,
1051,4572,Vegetables,CAULIFLOWER,,Large,Brassica oleracea,
1052,4573,Vegetables,CAULIFLOWER,Baby,All Sizes,Brassica oleracea,
1053,4575,Vegetables,CELERY,Hearts,All Sizes,,
1054,4576,Vegetables,CELERY,Celery Sticks,All Sizes,,
1060,4582,Vegetables,CELERY,Bunch,Large,,
1061,4583,Vegetables,CELERY,Bunch,Large,,
1062,4584,Fruits,MANGO,Green (Includes Keitt and Francis),Large,Mangifera indica,Keitt and Francis varieties
1063,4585,Vegetables,CELERY ROOT/CELERIAC,,All Sizes,Apium graveolens,
1064,4586,Vegetables,CHARD (SWISS CHARD)/SILVERBEET,Green,All Sizes,Beta vulgaris,
1065,4587,Vegetables,CHARD (SWISS CHARD)/SILVERBEET,Red,All Sizes,Beta vulgaris,
1067,4589,Vegetables,CORN,"Sweet Corn, Baby",All Sizes,Zea mays,
1068,4590,Vegetables,CORN,"Sweet Corn, Bi-Color",All Sizes,Zea mays,
1070,4592,Vegetables,CUCUMBER,Armenian,All Sizes,Cucumis sativus,
1071,4593,Vegetables,CUCUMBER,English/Hot House/Long Seedless/Telegraph/Continental,All Sizes,Cucumis sativus,
1072,4594,Vegetables,CUCUMBER,Japanese/White,All Sizes,Cucumis sativus,
1073,4595,Vegetables,CUCUMBER,Lemon,All Sizes,Cucumis sativus,
1074,4596,Vegetables,CUCUMBER,Pickling/Gherkin,All Sizes,Cucumis sativus,
1076,4598,Vegetables,DAIKON,(See also RADISH),All Sizes,Raphanus sativus,
1077,4599,Vegetables,EGGPLANT (AUBERGINE),Baby,All Sizes,Solanum melongena,
1078,4600,Vegetables,EGGPLANT (AUBERGINE),Baby White,All Sizes,Solanum melongena,
1079,4601,Vegetables,EGGPLANT (AUBERGINE),Japanese,All Sizes,Solanum melongena,
1080,4602,Vegetables,EGGPLANT (AUBERGINE),White,All Sizes,Solanum melongena,
1082,4604,Vegetables,ENDIVE/CHICORY,,All Sizes,Cichorium intybus,
1083,4605,Vegetables,ESCAROLE/BATAVIAN CHICORY,Green,All Sizes,Cichorium endivia,
1084,4606,Vegetables,FIDDLEHEAD FERNS,,All Sizes,Matteauccia struthiopteris,
1085,4607,Vegetables,GAI (GUI) CHOY (CHINESE or INDIAN MUSTARD),Chinese or Indian Mustard,All Sizes,Brassica juncea,
1086,4608,Vegetables,GARLIC,Regular,All Sizes,Allium sativum,
1087,4609,Vegetables,GARLIC,Elephant,All Sizes,Allium ampeloprasum,
1090,4612,Vegetables,GINGER ROOT,Regular,All Sizes,Zingiber officinale,
1092,4614,Vegetables,GREENS,Collard,All Sizes,Brassica oleracea,
1093,4615,Vegetables,GREENS,Dandelion,All Sizes,Taraxacum official,
1094,4616,Vegetables,GREENS,Mustard (Synonymous with Gai (Gui) Choy),All Sizes,Braccia juncea,
1095,4617,Vegetables,GREENS,Polk Greens,All Sizes,Brassica spp.,
1096,4618,Vegetables,GREENS,Texas Mustard,All Sizes,Brassica carinato,
1097,4619,Vegetables,GREENS,Turnip,All Sizes,Brassica rapa,
1103,4625,Vegetables,HORSERADISH ROOT,,All Sizes,Armoracia rusticana,
1104,4626,Vegetables,JICAMA/YAM BEAN,,All Sizes,Pachyrhizus erosus,
1105,4627,Vegetables,KALE,,All Sizes,Brassica oleracea,
1106,4628,Vegetables,KOHLRABI,,All Sizes,Brassica oleracea,
1107,4629,Vegetables,LEEKS,Regular,All Sizes,Allium ampeloprasum,
1108,4630,Vegetables,LEEKS,Baby,All Sizes,Allium ampeloprasum,
1109,4631,Vegetables,LETTUCE,Bibb/Flat/Round,All Sizes,Lactuca sativa,
1110,4632,Vegetables,LETTUCE,Boston/Butter,All Sizes,Lactuca sativa,
1111,4633,Vegetables,LETTUCE,Hydroponic,All Sizes,Lactuca sativa,
1112,4634,Vegetables,LETTUCE,Iceberg,All Sizes,Lactuca sativa,
1113,4635,Fruits,GRAPES,Red Seedless (All others not listed under red seedless),All Sizes,Vitis vinifera,
1114,4636,Fruits,GRAPES,Red Globe,All Sizes,Vitis vinifera,
1115,4637,Fruits,GRAPES,Red Seeded (All others not listed),All Sizes,Vitis vinifera,
1116,4638,Fruits,GRAPES,Fantasy/Marroo,All Sizes,Vitis vinifera,
1117,4639,Vegetables,LETTUCE,Mache,All Sizes,Lactuca sativa,
1118,4640,Vegetables,LETTUCE,Romaine/Cos,All Sizes,Lactuca sativa,
1122,4644,Vegetables,MALANGA,,All Sizes,Xanthosoma spp,
1123,4645,Vegetables,MUSHROOMS,"Regular, Button",Small,Agaricus bisporus,
1124,4646,Vegetables,MUSHROOMS,Black Forest,All Sizes,Agaricus bisporus,
1125,4647,Vegetables,MUSHROOMS,Chanterelle,All Sizes,Chanterella cibarius,
1126,4648,Vegetables,MUSHROOMS,Cremini/Brown/Swiss Brown,All Sizes,Agaricus spp.,
1127,4649,Vegetables,MUSHROOMS,Oyster,All Sizes,Pleuotus ostreatus,
1128,4650,Vegetables,MUSHROOMS,"Portabella (Synonymous with Cremini, Brown, Swiss Brown Mushrooms)",All Sizes,Agaricus bisporus,
1129,4651,Vegetables,MUSHROOMS,Shiitake,All Sizes,Lentinus edodes,
1130,4652,Vegetables,MUSHROOMS,Wood Ear,All Sizes,Auricularia auricula,
1133,4655,Vegetables,OKRA,Regular (Green),All Sizes,Abelmoschus esculentus,
1134,4656,Vegetables,OKRA,Chinese,All Sizes,Luffa acutangula,
1135,4657,Vegetables,OKRA,Red,All Sizes,A.esculentus,
1136,4658,Vegetables,ONIONS,Boiling,All Sizes,Allium spp.,
1137,4659,Vegetables,ONIONS,Bulb,All Sizes,Allium spp.,
1138,4660,Vegetables,ONIONS,Pearl,All Sizes,Allium spp.,
1139,4661,Vegetables,ONIONS,"Pickling, White",All Sizes,Allium spp.,
1140,4662,Vegetables,ONIONS,Shallots,All Sizes,Allium spp.,
1141,4663,Vegetables,ONIONS,White,All Sizes,Allium spp.,
1142,4664,Vegetables,TOMATOES,"Regular - Red, On the Vine (Truss)",All Sizes,Lycopersicon esculenta,
1143,4665,Vegetables,ONIONS,Yellow/Brown,Small,Allium spp.,
1149,4671,Vegetables,PARSLEY ROOT(HAMBURG PARSLEY),,All Sizes,Petroselinum crispum,
1150,4672,Vegetables,PARSNIP,,All Sizes,Pastinaca sativa,
1151,4673,Vegetables,PEAS,Blackeyed,All Sizes,Vigna unguiculata,
1152,4674,Vegetables,PEAS,Green,All Sizes,Pisum sativum,
1153,4675,Vegetables,PEAS,Sugar Snap,All Sizes,,
1155,4677,Vegetables,PEPPERS (CAPSICUMS),Anaheim (Green and Red),All Sizes,Capsicum spp.,
1156,4678,Vegetables,PEPPERS (CAPSICUMS),Banana (Yellow Long),All Sizes,Capsicum spp.,
1157,4679,Vegetables,PEPPERS (CAPSICUMS),"Bell, Field Grown - Brown",All Sizes,Capsicum spp.,
1158,4680,Vegetables,PEPPERS (CAPSICUMS),"Bell, Field Grown - Golden (Yellow)",All Sizes,Capsicum spp.,
1159,4681,Vegetables,PEPPERS (CAPSICUMS),"Bell, Field Grown - Green",Small,Capsicum spp.,
1160,4682,Vegetables,PEPPERS (CAPSICUMS),"Bell, Field Grown - Orange",All Sizes,Capsicum spp.,
1161,4683,Vegetables,PEPPERS (CAPSICUMS),"Bell, Field Grown - Purple",All Sizes,Capsicum spp.,
1162,4684,Vegetables,PEPPERS (CAPSICUMS),"Bell, Field Grown - White",All Sizes,Capsicum spp.,
1163,4685,Vegetables,PEPPERS (CAPSICUMS),Chili - Dried,All Sizes,Capsicum spp.,
1164,4686,Vegetables,PEPPERS (CAPSICUMS),Chili - Green,All Sizes,Capsicum spp.,
1165,4687,Vegetables,PEPPERS (CAPSICUMS),Cubanelle,All Sizes,Capsicum spp.,
1166,4688,Vegetables,PEPPERS (CAPSICUMS),"Bell, Greenhouse - Red",All Sizes,Capsicum spp.,
1167,4689,Vegetables,PEPPERS (CAPSICUMS),"Bell, Greenhouse - Yellow",All Sizes,Capsicum spp.,
1168,4690,Vegetables,PEPPERS (CAPSICUMS),Hot (Hungarian Hot),All Sizes,Capsicum spp.,
1169,4691,Vegetables,PEPPERS (CAPSICUMS),Hot Mixed,All Sizes,Capsicum spp.,
1170,4692,Vegetables,PEPPERS (CAPSICUMS),Hungarian Wax,All Sizes,Capsicum spp.,
1171,4693,Vegetables,PEPPERS (CAPSICUMS),Jalapeno - Green/Mexican Green,All Sizes,Capsicum spp.,
1172,4694,Vegetables,PEPPERS (CAPSICUMS),Jalapeno - Red/Mexican Red,All Sizes,Capsicum spp.,
1173,4695,Vegetables,PEPPERS (CAPSICUMS),Japanese - Red,All Sizes,Capsicum spp.,
1174,4696,Vegetables,PEPPERS (CAPSICUMS),Long Hot - Green,All Sizes,Capsicum spp.,
1175,4697,Vegetables,PEPPERS (CAPSICUMS),Long Hot - Red,All Sizes,Capsicum spp.,
1176,4698,Vegetables,PEPPERS (CAPSICUMS),Morita Chili,All Sizes,Capsicum spp.,
1177,4699,Vegetables,PEPPERS (CAPSICUMS),Negro,All Sizes,Capsicum spp.,
1178,4700,Vegetables,PEPPERS (CAPSICUMS),New Mexico,All Sizes,Capsicum spp.,
1179,4701,Vegetables,PEPPERS (CAPSICUMS),Pasilla - Green,All Sizes,Capsicum spp.,
1180,4702,Vegetables,PEPPERS (CAPSICUMS),Pasilla - Red,All Sizes,Capsicum spp.,
1181,4703,Vegetables,PEPPERS (CAPSICUMS),Pasilla Pod,All Sizes,Capsicum spp.,
1182,4704,Vegetables,PEPPERS (CAPSICUMS),Pinole,All Sizes,Capsicum spp.,
1183,4705,Vegetables,PEPPERS (CAPSICUMS),Poblano,All Sizes,Capsicum spp.,
1184,4706,Vegetables,PEPPERS (CAPSICUMS),Red Cheese,All Sizes,Capsicum spp.,
1185,4707,Vegetables,PEPPERS (CAPSICUMS),Red Finger,All Sizes,Capsicum spp.,
1186,4708,Vegetables,PEPPERS (CAPSICUMS),Red Pimiento/ Red Sweet Long,All Sizes,Capsicum spp.,
1187,4709,Vegetables,PEPPERS (CAPSICUMS),Serrano,All Sizes,Capsicum spp.,
1201,4723,Vegetables,POTATO,Creamer - Red,All Sizes,Solanum tuberosum,
1202,4724,Vegetables,POTATO,Creamer - White,All Sizes,Solanum tuberosum,
1203,4725,Vegetables,POTATO,Russet,All Sizes,Solanum tuberosum,
1204,4726,Vegetables,POTATO,Long - White,All Sizes,Solanum tuberosum,
1205,4727,Vegetables,POTATO,Yellow,All Sizes,Solanum tuberosum,
1212,4734,Vegetables,PUMPKIN,Mini,All Sizes,Cucurbita pepo,
1213,4735,Vegetables,PUMPKIN,Regular,All Sizes,Cucurbita pepo,
1216,4738,Vegetables,RADICCHIO,,All Sizes,Cichorium intybus,
1217,4739,Vegetables,RADISH,Black,All Sizes,Raphanus sativus,
1218,4740,Vegetables,RADISH,Bunched White,All Sizes,Raphanus sativus,
1219,4741,Vegetables,RADISH,Italian Red,All Sizes,Raphanus sativus,
1220,4742,Vegetables,RADISH,Red,All Sizes,Raphanus sativus,
1221,4743,Vegetables,RADISH,White/Icicle,All Sizes,Raphanus sativus,
1223,4745,Vegetables,RHUBARB,Regular,All Sizes,Rheum x rhabarbarum,
1225,4747,Vegetables,RUTABAGAS (SWEDE),Regular,All Sizes,Brassica napus,
1228,4750,Vegetables,SQUASH,Acorn/Table Queen,All Sizes,C. pepo/C. maxima,
1229,4751,Vegetables,SQUASH,Acorn - Golden,All Sizes,C.pepo,
1230,4752,Vegetables,SQUASH,Acorn - Swan White Table Queen,All Sizes,C.pepo,
1231,4753,Vegetables,SQUASH,Australian Blue,All Sizes,C.maxima,
1232,4754,Vegetables,SQUASH,Baby Scallopini,All Sizes,C.pepo,
1233,4755,Vegetables,SQUASH,Baby Summer (Green),All Sizes,C.pepo,
1234,4756,Vegetables,SQUASH,Baby Green Zucchini/Courgette,All Sizes,C. pepo/C. maxima,
1235,4757,Vegetables,SQUASH,Banana,All Sizes,C.maxima,
1236,4758,Vegetables,SQUASH,Buttercup,All Sizes,C.maxima,
1237,4759,Vegetables,SQUASH,Butternut,All Sizes,C.maxima,
1238,4760,Vegetables,SQUASH,Calabaza,All Sizes,C.moschata,
1239,4761,Vegetables,SQUASH,Chayote/Choko,All Sizes,Sechium edule,
1240,4762,Vegetables,ARTICHOKES,,Extra Large,Cynara scolymus,
1241,4763,Vegetables,SQUASH,Delicata/Sweet Potato,All Sizes,C.maxima,
1242,4764,Vegetables,SQUASH,(Sweet) Dumpling,All Sizes,C. pepo/C. maxima,
1243,4765,Vegetables,SQUASH,Gem,All Sizes,C.pepo,
1244,4766,Vegetables,SQUASH,Golden Delicious,All Sizes,C. pepo/C. maxima,
1245,4767,Vegetables,SQUASH,Golden Nugget,All Sizes,C. pepo/C. maxima,
1246,4768,Vegetables,SQUASH,Hubbard,All Sizes,C. pepo/C. maxima,
1247,4769,Vegetables,SQUASH,Kabocha,All Sizes,C. pepo/C. maxima,
1248,4770,Fruits,AVOCADOS,Hass,All Sizes,Persea americana,
1249,4771,Fruits,AVOCADOS,Green,Medium,Persea americana,
1250,4772,Vegetables,PEPPERS (CAPSICUMS),Chili - Yellow,All Sizes,Capsicum spp,
1251,4773,Vegetables,SQUASH,Patty Pan/Summer,All Sizes,C.pepo,
1252,4774,Vegetables,SQUASH,Red Kuri,All Sizes,C. pepo/C. maxima,
1253,4775,Vegetables,SQUASH,Scallopini,All Sizes,C.pepo,
1254,4776,Vegetables,SQUASH,Spaghetti/Vegetable Spaghetti,All Sizes,C. pepo/C. maxima,
1255,4777,Vegetables,SQUASH,Sunburst (Yellow),All Sizes,C. pepo/C. maxima,
1256,4778,Vegetables,TOMATOES,Regular - Yellow,All Sizes,Lycopersicon esculenta,
1257,4779,Vegetables,SQUASH,Sweet Mama,All Sizes,C.pepo x C.maxima,
1258,4780,Vegetables,SQUASH,Turban,All Sizes,C.maxima,
1259,4781,Vegetables,SQUASH,White,All Sizes,C.pepo,
1260,4782,Vegetables,SQUASH,Yellow - Straightneck,All Sizes,C. pepo/C. maxima,
1261,4783,Vegetables,"BITTER MELON/BITTER GOURD, Foo Qua",Foo Qua,All Sizes,Momordica charantia,
1262,4784,Vegetables,SQUASH,Yellow - Crookneck,All Sizes,C. pepo/C. maxima,
1268,4790,Vegetables,SUGAR CANE,,All Sizes,Saccharum officinarum,
1269,4791,Vegetables,SUNCHOKES (JERUSALEM ARTICHOKES),,All Sizes,Helianthus tuberosum,
1270,4792,Vegetables,TAMARILLO,Golden,All Sizes,Cyphomandra betacea,
1271,4793,Vegetables,TAMARILLO,Red,All Sizes,Cyphomandra betacea,
1272,4794,Vegetables,TARO ROOT (DASHEEN),,Small,Colocasia esculeta,
1273,4795,Vegetables,TARO ROOT (DASHEEN),,Large,Colocasia esculeta,
1274,4796,Vegetables,TOMATOES,Cherry - Red,All Sizes,Lycopersicon esculenta,
1275,4797,Vegetables,TOMATOES,Cherry - Yellow,All Sizes,Lycopersicon esculenta,
1276,4798,Vegetables,TOMATOES,Greenhouse/Hydroponic/Regular - Red,Small,Lycopersicon esculenta,
1277,4799,Vegetables,TOMATOES,Greenhouse/Hydroponic/Regular - Red,Large,Lycopersicon esculenta,
1278,4800,Vegetables,TOMATOES,Native/Home Grown,All Sizes,Lycopersicon esculenta,
1279,4801,Vegetables,TOMATOES,Tomatillos/Husk Tomatoes,All Sizes,Lycopersicon esculenta,
1280,4802,Vegetables,TOMATOES,Dried,All Sizes,Lycopersicon esculenta,
1281,4803,Vegetables,TOMATOES,Teardrop/Pear - Red,All Sizes,Lycopersicon esculenta,
1282,4804,Vegetables,TOMATOES,Teardrop/Pear - Yellow,All Sizes,Lycopersicon esculenta,
1283,4805,Vegetables,TOMATOES,"Vine Ripe, Regular - Red",Small,Lycopersicon esculenta,
1287,4809,Vegetables,TURNIP,Baby,All Sizes,Brassica rapa,
1288,4810,Vegetables,TURNIP,Bunch/Banded,All Sizes,Brassica rapa,
1289,4811,Vegetables,TURNIP,Purple Top,All Sizes,Brassica rapa,
1290,4812,Vegetables,TURNIP,White,All Sizes,Brassica rapa,
1292,4814,Vegetables,WATER CHESTNUTS,,All Sizes,Eleocharis dulcis,
1293,4815,Vegetables,WATERCRESS,,All Sizes,Rorippa nasturtium-aquaticum,
1294,4816,Vegetables,SWEET POTATO/YAM/KUMARA,Golden,All Sizes,Ipomoea batato,
1295,4817,Vegetables,SWEET POTATO/YAM/KUMARA,Red/Orangy Red Flesh,Large,Ipomoea batato,
1297,4819,Vegetables,YUCA ROOT/CASSAVA/MANIOC,,All Sizes,Manihot esculenta,
1338,4860,Dried Fruits,APPLE SLICES,Dried ,All Sizes,,
1339,4861,Dried Fruits,APRICOTS,Dried,All Sizes,Prunus armeniaca,
1340,4862,Dried Fruits,DATES,Dried,All Sizes,Phoenix dactylifera,
1342,4864,Dried Fruits,PINEAPPLE,Dried,All Sizes,Ananas comosus,
1343,4865,Dried Fruits,PRUNES,Regular (Dried Fruit),All Sizes,Prunus domestica,
1344,4866,Dried Fruits,PRUNES,Pitted (Dried Fruit),All Sizes,Prunus domestica,
1346,4868,Dried Fruits,RAISINS,Black (Dried Fruit),All Sizes,,
1347,4869,Dried Fruits,RAISINS,Golden/Yellow (Dried Fruit),All Sizes,,
1362,4884,Herbs,ARUGULA/ROCKET,,All Sizes,Eruca versicara,
1363,4885,Herbs,BASIL,,All Sizes,Ocimum spp.,
1364,4886,Herbs,BASIL,Opal,All Sizes,Ocimum spp.,
1365,4887,Herbs,BASIL,Sweet,All Sizes,Ocimum spp.,
1366,4888,Herbs,CHIVES,,All Sizes,Allium Tuberosum,
1367,4889,Herbs,CILANTRO (CHINESE PARSLEY/CORIANDER),,All Sizes,Coriandrum sativum,
1368,4890,Fruits,PEARS,Chinese Yali,All Sizes,Pyrus spp.,
1369,4891,Herbs,DILL,,All Sizes,Anethum graveolens,
1370,4892,Herbs,DILL,Baby,All Sizes,Anethum graveolens,
1371,4893,Herbs,DILL,Pickling,All Sizes,Anethum graveolens,
1372,4894,Herbs,LEMONGRASS,,All Sizes,Cymbopogon citratus,
1373,4895,Herbs,MARJORAM,,All Sizes,Origanum spp,
1374,4896,Herbs,MINT,,All Sizes,Mentha spp,
1375,4897,Herbs,OREGANO,,All Sizes,,
1376,4898,Herbs,OYSTER PLANT/SALSIFY,,All Sizes,Tragopogan porrifolius,
1377,4899,Herbs,PARSLEY,Regular/Curly,All Sizes,Petroselinum crispum,
1378,4901,Herbs,PARSLEY,Italian/Continental/French,All Sizes,Petroselinum crispum,
1380,4903,Herbs,ROSEMARY,,All Sizes,Rosemarinus officinalis,
1381,4904,Herbs,SAGE,,All Sizes,Salvia officinalis,
1382,4905,Herbs,SORREL,,All Sizes,Rumex spp.,
1383,4906,Herbs,TARRAGON,,All Sizes,Artemisia dracunculus,
1384,4907,Herbs,THYME,,All Sizes,Thymus vulgaris,
1385,4908,Herbs,VANILLA BEAN,,All Sizes,Vanilla planifolia,
1401,4924,Nuts,ALMONDS,,All Sizes,Prunus dulcis,
1403,4926,Nuts,BRAZILNUTS,,All Sizes,Berthollettia excelsa,
1404,4927,Nuts,CHESTNUTS,,All Sizes,Castanea sativa,
1405,4928,Nuts,FILBERTS,Cobnut/Hazelnut,All Sizes,Corylus spp.,
1406,4929,Nuts,MIXED NUTS,,All Sizes,,
1407,4930,Nuts,PEANUTS,,All Sizes,Arachis hypogaea,
1408,4931,Nuts,PEANUTS,Raw,All Sizes,Arachis hypogaea,
1409,4932,Nuts,PEANUTS,Roasted - Salted,All Sizes,Arachis hypogaea,
1410,4933,Nuts,PEANUTS,Roasted - Unsalted,All Sizes,Arachis hypogaea,
1413,4936,Nuts,PECANS,,All Sizes,Carya illinoiensis,
1415,4938,Nuts,PINE NUTS (PIGNOLI),,All Sizes,Pinus spp.,
1416,4939,Nuts,PISTACHIO,Natural,All Sizes,Pistacia vera,
1417,4940,Nuts,PISTACHIO,Red,All Sizes,Pistacia vera,
1419,4942,Nuts,SUNFLOWER SEEDS,,All Sizes,Helianthus annus,
1420,4943,Nuts,WALNUTS,Regular,All Sizes,Juglans spp.,
1421,4944,Nuts,WALNUTS,Black,All Sizes,Juglans spp.,
1422,4945,Nuts,WALNUTS,White,All Sizes,Juglans spp.,
1434,4957,Fruits,GRAPES,Blue/Black Seeded (All others not listed),All Sizes,Vitis vinifera,
1435,4958,Fruits,LEMONS,,Medium,Citrus limon,
1436,4959,Fruits,MANGO,"Red (Includes Tommy Atkins, Kent, Palmer Vandyke, Edward, Hayden)",Large,Mangifera indica,
1437,4960,Fruits,PEARS,Fragrant,All Sizes,Pyrus spp.,
1438,4961,Fruits,MANGO,Yellow,Large,Mangifera indica,"(Includes Oro, Ataulfo/Honey Manila varieties)"
1439,3128,Vegetables,POTATO,Purple,All Sizes,Solanum tuberosum,
1441,3460,Fruits,APPLES,Red Jonaprince,All Sizes,Malus domestica,Red Prince
1442,3459,Fruits,PERSIMMON,Shiny Red,All Sizes,Diospyros kaki,
1447,3461,Fruits,APPLES,Lady Williams,All Sizes,Malus domestica,
1448,3462,Herbs,CHIVES,Garlic/Chinese,All Sizes,Allium tuberosum,
1449,3464,Fruits,MANGO,B-74,All Sizes,Mangifera ,Calypso™
1450,3465,Vegetables,PEPPERS (CAPSICUMS),Stripy Bell,All Sizes,Capsicum,Enjoya™
1451,3466,Fruits,PEARS,Cape Rose,All Sizes,Pyrus communis,Cheeky®
1452,3467,Fruits,APPLES,Regal 13-82,All Sizes,Malus domestica,Juici™
1453,3463,Vegetables,Amaranth/Callaloo/Een Choy,,All Sizes,amaranthus spp.,"Chinese spinach, yin choy"
1454,3468,Fruits,APPLES,Honeycrisp,Small,Malus domestica,
1455,3469,Fruits,GRAPES,Sugrasixteen,All Sizes,Vitis Vinifera I.,SABLE SEEDLESS® brand
1456,3470,Fruits,MELON,"Watermelon - Red, Small Seeds",All Sizes,Citrullus lanatus,
1457,3471,Vegetables,CACTUS LEAVES (Nopales/Cactus Pads),Baby,All Sizes,Opuntia sp,
1458,3472,Herbs,SACRED PEPPER,,All Sizes,Piper sanctum,Sacred pepper leaf
1459,3473,Herbs,EPAZOTE,,All Sizes,Chenopodium ambrosioides L.,
1460,3474,Vegetables,SWEET POTATO/YAM/KUMARA,Saffron,All Sizes,Escobedia linearis Schlecht,
1461,3475,Herbs,MINT,Peppermint,All Sizes,Mentha piperata,
1462,3476,Herbs,ORANGE TREE LEAF,,All Sizes,Citrus x sinensis (L.) Osbeck,
1463,3477,Herbs,PAPALO,,All Sizes,Porophyllum macrocephalum DC.,"Summer cilantro, Bolivian coriander"
1464,3478,Vegetables,QUELITES,,All Sizes,Chenopodium spp.,
1465,3479,Vegetables,CHIPILIN LEAF,,All Sizes,Crotalaria longirostrata,Chepil
1466,3480,Vegetables,PUMPKIN VINE,,All Sizes,Cucurbita pepo,Pumpkin vine
1467,3481,Vegetables,XPELON,,All Sizes,Phaseolus lunatus,Xpelon bean
1468,3482,Herbs,RABBIT HERB,,All Sizes,Porophyllum linaria (Cav.) DC.,
1469,3483,Herbs,PURPLE HERB,,All Sizes,Solanum americanum Mill.,Purple grass
1470,3484,Fruits,APPLES,Dalinette,All Sizes,Malus domestica,Choupette
1474,3486,Fruits,APPLES,CN121,All Sizes,Malus domestica,SugarBee™
1475,3487,Fruits,APPLES,MN 55,All Sizes,Malus domestica,"Rave™, First Kiss™"
1476,3485,Fruits,PEARS,Harovin Sundown,All Sizes,Pyrus communis,Cold Snap™
1477,3488,Fruits,MANGO,Red,Extra Large,Mangifera indica,
1478,3489,Fruits,PEARS,Cepuna,All Sizes,Pyrus communis,Migo™
1479,3490,Fruits,APPLES,MAIA 1,All sizes,Malus domestica,EverCrisp™
1480,3491,Fruits,GRAPES,ARRA FIFTEEN,All Sizes,Vitis vinifera,Sweeties™
1481,3492,Fruits,GRAPES,ARRA TWENTYNINE,All Sizes,Vitis vinifera,Passion Fire™
1482,3493,Vegetables,ONIONS,Tearless Sweet,All Sizes,Allium cepa,Sunions
1483,3495,Fruits,PEARS,Celina,All Sizes,Pyrus communis,QTee®
1484,3496,Fruits,GRAPES,IFG Core Red Seedless,All Sizes,Vitis vinifera,"IFG 68-175 (Sweet Celebration®), IFG Four (Sweet Romance®), IFG None (Jack's Salute®)"
1485,3497,Fruits,GRAPES,IFG Core Black Seedless ,All Sizes,Vitis vinifera,"IFG One (Sweet Surrender®), IFG Eight (Sweet Enchantment®), IFG Thirteen (Sweet Secrets®), IFG Fifteen (Sweet Surprise®), IFGSixteen (Sweet Surprise®), IFG Seventeen (Sweet Joy®), IFG Twenty-Five (Sweet Magic®), IFG Twenty-Six (Sweet Bond®) "
1486,3498,Fruits,GRAPES,IFG Core Green Seedless,All Sizes,Vitis vinifera,"IFG Two (Sweet Sunshine®), IFG Ten (Sweet Globe®), IFG Eleven (Sugar Crisp®)"
1487,3499,Fruits,GRAPES,IFG Novelty Red Seedless,All Sizes,Vitis vinifera,"IFG Fourteen (Sweet Mayabelle®), IFG Eighteen (Sweet Nectar®), IFG Nineteen (Candy Hearts®), IFG Twenty-One (Candy Snaps®), IFG Twenty-Three (Candy Drops®)"
1488,3500,Fruits,GRAPES,IFG Novelty Black Seedless,All Sizes,Vitis vinifera,"IFG Six (Sweet Sapphire®). IFG Twelve (Funny Fingers®), IFG Twenty (Candy Crunch®), IFG Twenty-Two (Candy Dream®s)"
1489,3501,Fruits,GRAPES,IFG Novelty Green Seedless,All Sizes,Vitis vinifera,IFG Seven (Cotton Candy®)
1490,3502,Fruits,GRAPES,ARRA TWENTYSEVEN,All Sizes,Vitis vinifera,"ARRA 27, Mystic Star"
1491,3503,Fruits,GRAPES,ARRA TWENTYEIGHT,All Sizes,Vitis vinifera,Passion Punch™
1492,3504,Fruits,GRAPES,ARRA THIRTY,All Sizes,Vitis vinifera,Sugardrop
1493,3505,Fruits,GRAPES,ARRA THIRTYTWO,All Sizes,Vitis vinifera,Mystic Dream
1494,3506,Fruits,GRAPES,Sweet Scarlet,All Sizes,Vitis vinifera,Muscato Amore™
1495,3494,Fruits,MELON,Watermelon - Yellow Mini Seedless,3-7 LBS,Citullus lanatus,Sunny Gold™
1496,3507,Fruits,APPLES,WA 38,All Sizes,Malus domestica,Cosmic Crisp®
1497,3508,Fruits,GRAPES,Thomcord,All Sizes,Vitus vinifera,"Grape Jammers™, Jelly Drops™, California Thomcord™, A29-67"
1498,3509,Fruits,AVOCADOS,GEM,All Sizes,Persea americana,
1499,3510,Fruits,APPLES,Ambrosia,Small,Malus domestica,
1500,3511,Fruits,APPLES,WA 2,All sizes,Malus domestica,"Crimson Delight™, Sunrise Magic®"
1501,3512,Vegetables,TOMATOES,Round,All sizes,Solanum Lycopersicum,Tasti-Lee™
1502,3518,Fruits,PEARS,Oksana,All sizes,Pyrus communis,Xenia
1503,3519,Fruits,APPLES,R10-45,All sizes,Malus domestica,Wild Twist
1505,3520,Vegetables,ONIONS,SK-20,All sizes,Allium cepa,"Smileball, Goldies, Onique, SweetNothings, Loving’Onions"
1506,3513,Fruits,APPLES,Shinano Gold,All sizes,Malus domestica,yello®
1507,3514,Fruits,APPLES,Fengapi,All sizes,Malus domestica,Tessa®
1509,3516,Fruits,APPLES,PremA 153,Large,Malus domestica,Lemonade®
1511,3521,Fruits,APPLES,Regal D5-100,All sizes,Malus domestica,Karma®
1512,3522,Fruits,PEARS,HW624,All sizes,Pyrus communis,
1513,3523,Fruits,APPLES,SQ 159,All sizes,Malus domestica,"Magic Star, Natyra, Kentish Kiss, Sprank, "
1514,3524,Fruits,TANGERINES/MANDARINS,C37,All sizes,Citrus spp.,Noble Juicy Crunch
1515,3525,Fruits,APPLES,CN121,Small,Malus domestica,SugarBee
1516,3526,Fruits,APPLES,Howell TC2,All sizes,Malus domestica,LucyRose
1517,3527,Fruits,APPLES,Howell TC3,All sizes,Malus domestica,LucyGlo
1518,3528,Fruits,APPLES,Regal D17-121,All sizes,Malus domestica,Hunnyz
1519,3529,Fruits,APPLES,PremA 129,All sizes,Malus domestica,Dazzle
1520,3530,Fruits,GRAPES,Jupiter,All sizes,Vitis vinifera,
1521,3531,Fruits,GRAPES,Sugra Family Black Seedless,All sizes,Vitis vinifera,Sugrafortynine
1522,3532,Fruits,GRAPES,Sugra Family Green Seedless,All sizes,Vitis vinifera,SugraFiftySix
1523,3533,Fruits,GRAPES,Sugra Family Novelty Seedless,All sizes,Vitis vinifera,SugraFiftyFour
1524,3534,Fruits,GRAPES,Sugra Family Red Seedless,All sizes,Vitis vinifera,SugraFiftyThree
1525,3535,Vegetables,ONIONS,Sweetheart,All sizes,Allium Cepa,Wicked Sweet Tearless Red
1526,3536,Fruits,PLUMS,Sweet Pixie,All sizes,Prunus spp.,Verry Cherry
1527,3539,Fruits,APPLES,IFORED Y Series,All sizes,Malus domestica,"Y101, Y103"
1528,3537,Fruits,APPLES,MAIA-L,All sizes,Malus domestica,Ludacrisp
1529,3538,Fruits,APPLES,Ipador,All sizes,Malus domestica,GIGA®
1530,3540,Fruits,APPLES,IFORED R Series,All sizes,Malus domestica,"R201, R202, R203, R204"
1531,3541,Fruits,APPLES,CIVM49,All sizes,Malus domestica,RedPop®
1533,3543,Fruits,LEMONS,Seedless,Small,Citrus limon,Wonderful® Seedless 
1534,3544,Fruits,LEMONS,Seedless,Medium,Citrus limon,Wonderful® Seedless
1535,3545,Fruits,LEMONS,Seedless,Large,Citrus limon,Wonderful® Seedless
1536,3546,Fruits,APPLES,DS 102,All sizes,Malus domestica,Honeymoon™
1537,3547,Fruits,APPLES,HC 2-1,All sizes,Malus domestica,Zingy®
1538,3548,Fruits,APPLES,Inored,All sizes,Malus domestica,Lolipop®
1539,3549,Fruits,CHERRIES,HR87,All sizes,Prunus avium,Timberline
1540,3550,Fruits,CHERRIES,RL 100,All sizes,Prunus avium,Audra Rose
1541,3551,Fruits,PITAHAYA,Red flesh,All sizes,Hylocereus lindatus,Fire Dragons
1542,3552,Fruits,GRAPES,ARDTHIRTYSIX,All sizes,Vitus vinifera,ARRA Cherry Crush
1543,3553,Fruits,ORANGES,M4,All sizes,Citrus spp.,Dulce Navels ™
1544,3554,Fruits,APPLES,Orléans,All sizes,Malus domestica,
1545,3555,Fruits,APPLES,Rosinette,All sizes,Malus domestica,
1546,3556,Fruits,TANGERINES/MANDARINS,Tango Seedless,All sizes,Citrus spp.,Tangold
1547,3557,Fruits,APPLES,Wurtwinning,All sizes,Malus domestica,Bloss®
1548,3558,Fruits,NECTARINE,Star Fruits Family White Flesh,All sizes,Prunus persica,Monalise; Monrun
1549,3559,Fruits,NECTARINE,Star Fruits Family Yellow Flesh,All sizes,Prunus persica,Dorafine